,bamid,approach_vertical,vertical_jump,3/4_court_sprint,4-way_agility,reaction_shuttle,bamscore,wingspan,reach,height,weight,body_comp,hand_length,hand_width
0,1037.0,33.5,28.5,3.376,11.4709999999999,3.66899999999999,2003.0,72.75,94.0,70.0,174.4,9.8,7.5,8.25
1,656.0,30.5,21.5,3.486,12.114,3.355,1865.0,82.0,104.5,79.5,188.4,21.9,7.5,8.75
2,477.0,37.0,31.0,3.23,12.036,3.562,2005.0,81.5,99.0,74.0,196.5,13.9,9.0,9.5
3,1200.0,29.0,23.0,3.37,12.509,3.173,1902.0,79.5,101.0,77.5,205.0,10.6,8.25,9.25
4,1501.0,31.0,26.0,3.389,12.724,3.316,1903.0,77.0,101.5,78.0,180.0,15.4,8.0,10.0
5,490.0,37.0,29.0,3.467046660117878,12.247189108910884,3.5052431640624997,2208.0,78.08979743083005,98.71417984189723,75.09419466403162,180.7358201581028,14.97949604743083,8.049381188118812,8.876189296333004
6,1508.0,32.0,27.5,3.21,11.276,3.04699999999999,2088.0,73.0,92.0,70.0,130.8,11.5,7.25,8.0
7,730.0,34.0,26.5,3.513,11.743,3.726,1888.0,76.0,97.5,75.5,181.9,7.6,8.0,8.25
8,413.0,31.829614604462474,34.0,3.263,12.644,3.498,1932.0,76.0,95.5,73.0,157.3,16.3,7.0,8.25
9,1003.0,31.829614604462474,14.0,3.407,11.947,3.448,1709.0,83.0,102.0,76.5,197.3,23.2,8.0,9.25
10,1283.0,31.829614604462474,25.860157016683022,3.396,11.387,3.384,1922.0,75.0,95.5,73.0,184.5,19.0,8.0,8.75
11,699.0,32.0,28.0,3.267,11.746,3.56,1966.0,80.5,101.5,75.5,162.0,14.5,8.5,9.75
12,319.0,29.5,25.5,3.505,12.183,3.841,1791.0,75.5,96.5,72.5,156.5,23.4,7.25,8.0
13,1016.0,35.0,28.0,3.512,12.407,3.61899999999999,1894.0,78.5,98.5,74.5,191.4,20.7,7.5,8.5
14,668.0,32.5,28.0,3.286,11.612,3.161,2042.0,76.0,99.5,75.5,170.0,12.5,8.25,9.25
15,1086.0,28.0,22.5,3.648,12.189,3.515,1798.0,82.0,106.0,81.5,246.0,29.2,8.5,8.0
16,516.0,32.5,25.0,3.556,12.306,3.849,1791.0,82.25,100.5,75.5,191.2,22.3,8.5,9.5
17,1419.0,36.0,28.0,3.56,11.511,3.306,1998.0,74.5,94.0,72.5,161.3,5.1,7.5,9.0
18,531.0,27.5,23.0,6.764,13.966,3.714,1690.0,77.0,97.5,72.75,174.6,11.5,8.25,9.25
19,607.0,27.0,22.0,3.431,12.645,3.718,1750.0,76.0,97.0,72.75,158.6,7.2,7.5,8.5
20,1270.0,30.0,22.5,3.286,12.167,3.685,1847.0,79.0,99.0,74.0,163.5,14.7,7.0,8.0
21,1162.0,27.0,20.5,4.007,13.597,3.568,1578.0,85.0,104.0,76.5,213.0,11.1,9.0,10.0
22,264.0,36.0,29.0,3.481,11.0629999999999,3.41899999999999,2031.0,86.0,105.5,80.0,213.6,21.6,8.5,9.75
23,609.0,31.829614604462474,31.0,3.362,12.714,3.506,1450.0,82.0,103.0,78.5,209.2,20.9,8.0,9.25
24,1046.0,33.5,23.0,3.18,12.137,3.45,1953.0,78.5,99.0,76.0,171.0,16.0,8.5,10.0
25,1288.0,31.0,25.5,3.501,11.624,3.428,1927.0,82.5,103.5,77.5,209.8,24.9,7.75,8.5
26,271.0,26.5,21.5,3.667,12.102,3.502,1770.0,83.0,106.0,82.0,229.3,27.8,8.0,9.25
27,1332.0,30.5,27.0,3.383,13.418,3.666,1798.0,80.0,103.0,79.0,197.0,17.6,8.5,9.25
28,836.0,30.0,25.0,3.262,12.152,3.305,1948.0,74.5,95.0,72.0,176.8,18.1,7.5,9.0
29,797.0,33.0,26.0,3.481,12.761,3.796,1805.0,79.25,102.0,77.5,167.0,4.0,8.0,8.5
30,929.0,32.5,28.0,3.357,11.297,3.213,2043.0,70.0,90.5,70.75,153.6,6.0,8.049381188118812,8.876189296333004
31,899.0,24.0,23.5,3.515,12.305,3.54399999999999,1793.0,70.5,90.5,69.0,181.1,24.9,7.75,8.5
32,898.0,36.0,29.0,3.297,12.609,3.463,1964.0,74.5,93.0,69.5,146.3,16.5,7.5,8.25
33,1434.0,28.5,24.0,3.758,11.872,3.523,1810.0,81.0,102.5,79.5,199.4,15.7,7.5,8.25
34,1446.0,27.5,23.5,3.477,12.263,3.507,1828.0,78.0,102.5,79.0,177.0,18.6,8.0,8.5
35,1092.0,30.5,24.0,3.424,11.7259999999999,3.70899999999999,1863.0,75.5,98.0,76.75,200.0,9.8,8.25,8.5
36,1404.0,36.5,31.0,3.171,11.249,3.113,2139.0,78.0,98.0,73.5,167.0,13.6,8.0,9.75
37,872.0,31.0,26.5,3.536,12.782,3.392,1866.0,83.5,102.5,75.25,218.0,25.3,8.25,9.75
38,337.0,33.0,25.5,3.415,12.605,3.559,1879.0,78.75,100.0,77.5,194.4,21.1,8.5,10.0
39,488.0,29.5,19.0,3.487,12.383,3.348,1819.0,76.0,97.0,76.0,161.7,14.3,8.0,9.5
40,324.0,28.5,24.5,3.426,12.791,3.663,1794.0,82.0,107.0,81.5,212.0,25.5,9.0,9.75
41,1157.0,35.0,28.0,3.359,12.65,3.829,1858.0,77.0,93.0,71.5,165.0,8.1,8.0,9.0
42,1371.0,26.0,23.5,3.684,13.133,3.631,1728.0,90.0,111.0,83.0,252.0,30.8,9.0,9.75
43,1209.0,28.5,23.0,3.444,12.995,3.316,1832.0,71.0,95.5,72.0,178.0,18.9,7.5,8.5
44,1381.0,31.5,24.5,3.424,12.524,3.27399999999999,1912.0,77.0,99.0,74.5,176.0,8.9,8.25,9.5
45,973.0,32.5,27.5,3.437,11.6759999999999,3.483,1956.0,76.0,97.0,74.0,202.8,12.1,7.75,9.0
46,277.0,34.0,28.0,3.2,12.851,3.682,1903.0,78.5,97.5,74.5,171.0,16.8,8.5,8.75
47,1391.0,31.0,26.0,3.537,11.924,3.256,1930.0,79.0,101.5,77.0,205.0,19.3,8.75,9.5
48,219.0,30.0,23.0,3.424,12.1529999999999,3.341,1898.0,72.5,95.5,73.5,155.6,6.1,8.0,9.0
49,910.0,24.0,17.0,3.684,11.901,3.614,1686.0,76.0,98.5,72.5,188.8,23.4,7.0,8.0
50,1242.0,35.5,26.5,3.305,11.368,3.241,2048.0,75.5,96.0,72.0,150.0,10.4,8.0,8.75
51,1511.0,30.5,27.0,3.347,12.974,3.57,1855.0,80.0,100.5,73.5,191.0,24.8,8.75,9.5
52,1350.0,34.5,27.0,3.388,11.722,3.418,1986.0,73.25,92.5,71.5,166.2,6.1,8.0,8.5
53,1019.0,33.5,26.0,3.446,11.667,3.575,1932.0,75.0,97.0,76.5,175.6,4.8,8.0,9.0
54,851.0,28.5,22.5,3.433,12.423,3.494,1830.0,73.0,95.0,72.5,183.0,22.4,7.75,8.5
55,1321.0,31.829614604462474,31.5,3.323,11.818,3.81,1872.0,78.08979743083005,98.71417984189723,75.09419466403162,180.7358201581028,14.97949604743083,8.049381188118812,8.876189296333004
56,826.0,29.0,24.0,3.453,12.247189108910884,3.475,2162.0,82.25,103.0,79.5,180.0,17.2,8.0,8.5
57,992.0,32.5,25.0,3.298,11.026,3.40199999999999,2016.0,75.0,95.5,72.5,167.7,16.1,7.25,8.0
58,1307.0,30.0,24.5,3.691,12.674,3.656,1796.0,84.0,105.0,79.5,207.8,25.0,9.0,9.5
59,205.0,31.829614604462474,25.860157016683022,3.398,11.65,3.137,1963.0,78.5,100.5,76.0,196.4,21.0,8.0,9.25
60,1413.0,35.5,29.5,3.254,11.448,3.662,2001.0,77.0,95.5,75.0,177.0,17.0,7.5,8.25
61,339.0,31.829614604462474,30.0,3.112,11.543,3.405,2048.0,73.0,90.5,69.0,150.0,11.6,7.5,8.5
62,1328.0,30.0,26.0,3.844,12.28,3.762,1741.0,79.0,100.5,76.75,253.0,19.0,8.5,9.0
63,590.0,33.0,24.0,3.382,13.397,3.528,1829.0,78.25,101.5,75.5,211.2,13.2,8.0,8.25
64,364.0,37.0,28.5,3.433,11.722,3.367,2008.0,76.25,94.0,71.0,165.0,15.5,8.0,8.5
65,589.0,35.5,28.0,3.406,12.7679999999999,3.648,1890.0,77.0,96.0,72.0,183.0,21.7,7.0,8.5
66,895.0,27.5,22.5,3.653,12.97,3.484,1750.0,75.75,96.0,73.5,188.8,12.0,8.0,8.5
67,985.0,29.0,22.0,3.388,12.119,3.458,2078.0,78.5,98.0,73.5,150.6,6.3,7.0,7.5
68,1267.0,29.0,23.5,3.829,14.119,4.093,1511.0,77.5,98.0,76.5,200.0,12.0,8.25,8.75
69,1322.0,29.5,25.0,3.58,12.87,3.748,1756.0,75.5,97.5,72.5,169.0,13.1,8.25,9.5
70,1502.0,24.5,22.0,3.683,12.868,3.534,1710.0,93.0,115.0,87.0,288.9,31.9,9.0,10.25
71,615.0,32.0,27.5,3.538,12.416,3.288,1915.0,80.0,101.0,76.5,177.0,14.6,9.0,9.25
72,989.0,34.5,26.5,3.328,11.59,3.343,2009.0,79.5,102.0,75.5,166.0,17.1,8.0,9.0
73,317.0,28.5,23.0,3.503,12.015,3.297,1881.0,71.5,93.0,69.5,149.0,13.7,7.5,8.0
74,559.0,28.5,25.0,3.438,11.732,3.425,1910.0,78.5,100.0,75.5,189.6,18.5,8.0,9.0
75,1228.0,30.5,25.0,3.387,11.762,3.232,1962.0,73.0,93.5,72.5,164.0,18.1,8.0,8.75
76,617.0,34.0,30.0,3.214,11.901,3.374,2032.0,76.5,98.0,73.5,174.0,15.5,8.5,9.25
77,1504.0,41.5,30.5,3.162,11.724,3.233,2121.0,79.5,99.5,75.0,193.5,24.3,8.0,9.25
78,881.0,35.0,28.0,3.438,11.4729999999999,3.353,2012.0,76.0,95.0,72.5,213.1,24.3,7.0,8.25
79,660.0,28.5,26.0,3.487,12.475,3.405,1863.0,77.0,100.0,74.0,169.0,17.2,8.0,9.5
80,1300.0,32.0,26.5,3.363,11.11,3.364,2014.0,84.0,106.0,81.0,84.0,20.8,8.0,9.25
81,933.0,32.5,24.5,3.615,11.834,2.997,1963.0,76.0,99.0,76.0,166.0,12.6,8.25,9.5
82,1043.0,29.5,24.0,3.503,12.869,3.35,1843.0,75.5,98.5,76.75,184.8,7.5,8.0,9.0
83,1447.0,25.0,19.0,4.031,14.165,3.917,1376.0,82.5,108.5,82.5,268.0,19.8,8.5,9.75
84,1072.0,30.5,25.5,3.424,12.184,3.853,1812.0,72.5,93.0,71.25,148.0,12.1,8.0,8.25
85,1357.0,35.0,32.0,3.334,12.104,3.81399999999999,1921.0,81.5,100.0,76.0,182.8,18.4,8.0,9.25
86,1464.0,30.0,22.5,3.431,12.2,3.637,1831.0,81.0,105.5,79.5,216.2,11.7,8.25,9.0
87,1093.0,30.0,24.5,3.344,11.052,3.51,1964.0,72.5,91.0,70.5,148.1,12.0,7.0,8.25
88,1102.0,26.5,22.0,3.297,12.285,3.336,1866.0,86.0,109.5,82.5,196.5,21.0,8.0,9.0
89,842.0,34.5,29.0,3.382,12.319,3.77699999999999,1891.0,78.0,96.0,72.5,178.4,11.1,8.0,8.25
90,591.0,29.0,24.0,3.448,11.992,3.485,1878.0,79.5,99.0,73.0,190.2,23.7,8.5,8.5
91,1125.0,29.5,25.0,3.357,11.908,3.216,1953.0,73.5,94.5,70.0,152.0,11.1,7.75,8.25
92,905.0,29.0,27.5,3.38,11.512,3.35,1966.0,76.5,99.5,74.0,169.0,15.1,8.25,9.0
93,560.0,31.829614604462474,25.860157016683022,3.354,11.969,3.724,1815.0,78.08979743083005,98.71417984189723,75.09419466403162,180.7358201581028,14.97949604743083,8.049381188118812,8.876189296333004
94,1408.0,31.5,25.0,3.338,10.806,2.973,2087.0,77.0,99.0,75.0,165.8,6.9,8.5,9.0
95,804.0,32.5,27.0,3.356,12.069,3.16,1994.0,75.5,95.0,72.0,163.0,15.3,8.0,9.25
96,381.0,35.0,28.0,3.326,11.898,3.321,2013.0,80.5,102.5,78.0,23.1,7.5,7.25,8.25
97,235.0,29.0,24.0,3.445,11.216,3.516,1920.0,80.0,101.0,76.0,169.9,17.6,8.0,9.0
98,366.0,31.829614604462474,24.0,3.467046660117878,12.178,3.288,1878.0,80.5,102.5,79.0,209.8,17.9,8.0,8.5
99,791.0,31.829614604462474,25.860157016683022,3.388,13.039,3.554,1712.0,78.08979743083005,98.71417984189723,75.09419466403162,180.7358201581028,14.97949604743083,8.049381188118812,8.876189296333004
100,1414.0,35.5,27.5,3.429,12.314,3.041,2009.0,80.5,102.0,76.0,177.0,14.7,9.0,9.75
101,1147.0,31.5,24.5,3.562,12.568,3.252,1879.0,75.0,98.0,74.0,178.8,17.4,8.25,9.0
102,1416.0,32.0,23.5,3.482,11.954,3.359,1915.0,75.0,96.5,74.0,174.0,10.6,8.0,8.75
103,1017.0,35.5,29.0,3.591,13.368,3.308,1879.0,80.5,100.5,75.0,190.0,10.9,8.75,10.25
104,756.0,30.0,28.0,3.337,12.172,3.253,1964.0,79.5,100.5,76.0,213.0,22.2,8.75,10.5
105,687.0,28.5,22.0,3.651,12.287,3.82,1724.0,73.5,94.5,72.0,144.0,6.2,8.0,8.5
106,1008.0,30.5,24.5,3.505,12.388,3.372,1879.0,79.25,101.5,76.25,0.0,0.0,8.0,8.75
107,493.0,31.0,27.5,3.372,12.01,3.487,1936.0,74.0,93.5,71.0,132.9,12.5,7.25,8.25
108,1460.0,32.0,25.5,3.571,12.753,3.864,1759.0,73.0,91.0,70.75,155.0,19.0,7.5,8.0
109,568.0,33.5,25.5,3.322,12.209,3.195,1983.0,78.0,99.0,74.5,175.0,14.8,8.0,9.5
110,1106.0,34.0,27.0,3.89,11.933,3.22,1872.0,81.5,103.5,77.0,206.0,25.2,9.0,10.0
111,586.0,35.0,29.0,3.298,11.776,3.347,2028.0,78.0,96.5,71.5,158.1,18.1,8.0,8.75
112,1185.0,31.5,24.0,3.698,12.739,3.854,1720.0,80.0,101.5,77.5,174.0,10.0,8.5,8.5
113,422.0,33.0,27.5,3.424,13.635,3.55,1827.0,77.0,98.5,73.5,209.6,16.3,8.0,8.5
114,848.0,29.0,24.0,3.464,12.104,3.631,1899.0,74.75,93.5,71.5,179.2,19.1,8.0,9.0
115,890.0,36.0,27.5,3.427,11.89,3.325,1994.0,78.0,96.5,73.0,192.5,21.3,8.0,9.25
116,1002.0,31.5,24.5,3.512,12.841,3.355,1856.0,79.5,102.5,76.5,187.0,15.5,8.75,9.5
117,1353.0,29.0,24.0,4.058,13.412,3.521,1647.0,81.0,102.5,77.5,194.1,10.3,8.5,8.5
118,1151.0,32.0,23.0,3.29,11.487,3.476,1954.0,74.5,97.0,74.0,197.0,21.1,8.0,8.0
119,221.0,31.0,25.0,3.532,13.728,3.83,1696.0,78.5,102.0,79.75,179.4,6.1,8.0,9.0
120,502.0,32.0,24.0,3.736,11.952,3.48,1847.0,79.5,102.0,77.25,213.4,23.2,8.5,9.0
121,581.0,32.5,29.0,3.131,12.291,3.723,1874.0,83.75,102.0,77.5,173.8,19.3,8.0,9.0
122,1246.0,31.0,25.5,4.47,11.867,3.472,1719.0,75.75,98.0,73.0,183.3,7.5,8.0,9.0
123,280.0,31.0,25.5,3.288,13.008,3.656,1841.0,73.0,91.5,70.5,147.0,11.0,8.0,9.0
124,1483.0,36.0,30.0,6.764,13.966,3.714,1811.0,77.0,97.5,72.75,174.6,11.5,8.25,9.25
125,1466.0,33.0,28.0,3.431,13.02,4.113,1735.0,78.5,100.0,74.5,183.8,10.3,7.75,9.25
126,1170.0,37.5,30.5,3.167,11.095,3.465,2096.0,74.0,93.5,71.5,162.5,14.3,7.5,8.25
127,1076.0,36.5,30.5,3.258,11.468,3.102,2108.0,77.0,99.5,75.5,154.0,12.5,8.0,8.5
128,1153.0,29.0,24.5,3.386,12.66,3.541,1844.0,80.5,103.0,77.5,207.8,10.6,8.25,9.75
129,739.0,34.0,26.0,3.486,12.573,3.367,1912.0,82.5,104.5,79.5,204.4,10.1,8.25,9.0
130,250.0,31.5,26.5,3.388,11.823,3.226,1984.0,78.5,103.0,79.0,197.4,9.7,8.25,9.0
131,226.0,26.0,20.0,3.386,12.247189108910884,3.415,1838.0,83.75,105.0,77.5,237.8,16.5,9.0,9.5
132,1241.0,31.0,26.5,3.496,11.985,3.676,1866.0,82.0,102.0,78.5,184.8,6.8,8.5,9.0
133,604.0,33.5,28.0,3.424,12.034,3.423,1960.0,70.5,88.0,69.75,137.1,4.0,7.5,8.0
134,428.0,33.0,28.0,3.18,12.007,3.418,2002.0,80.0,101.0,78.75,165.2,13.0,8.0,9.0
135,435.0,31.829614604462474,27.5,3.3,11.959,3.752,1854.0,79.5,99.0,75.0,170.5,19.5,7.0,8.0
136,648.0,31.5,23.5,3.831,11.594,3.608,1814.0,79.5,102.5,78.0,188.4,4.6,8.5,8.5
137,1089.0,36.5,29.5,3.483,11.676,3.072,2051.0,81.5,106.5,80.5,194.0,15.4,9.0,9.25
138,1137.0,31.0,23.0,3.57,12.775,3.657,1775.0,78.5,99.0,75.0,153.0,16.2,8.0,9.5
139,1512.0,34.0,27.5,3.449,12.467,3.655,1884.0,85.5,107.5,79.5,233.0,26.4,9.0,9.5
140,223.0,33.0,25.5,3.558,12.045,3.178,1949.0,77.0,99.0,76.5,176.1,7.3,8.0,9.0
141,410.0,30.5,24.0,3.571,12.487,3.582,1817.0,81.0,105.5,80.5,199.3,6.7,8.0,9.0
142,279.0,23.5,18.5,3.774,14.109,3.958,1456.0,86.75,110.0,83.0,244.0,29.7,9.0,10.0
143,869.0,34.5,29.5,3.467046660117878,12.247189108910884,3.5052431640624997,2190.0,78.08979743083005,98.71417984189723,75.09419466403162,180.7358201581028,14.97949604743083,8.049381188118812,8.876189296333004
144,670.0,34.5,27.0,3.467046660117878,12.247189108910884,3.5052431640624997,2140.0,78.08979743083005,98.71417984189723,75.09419466403162,180.7358201581028,14.97949604743083,8.049381188118812,8.876189296333004
145,565.0,27.0,22.0,3.566,12.867,3.28,1790.0,81.5,103.0,77.5,205.0,11.4,9.0,9.5
146,1123.0,31.829614604462474,35.0,3.141,11.093,3.236,2146.0,81.0,100.0,76.0,190.9,19.6,8.25,9.5
147,1149.0,34.0,26.5,3.631,11.202,3.89,1892.0,76.5,97.0,74.5,173.9,7.9,8.0,9.5
148,1356.0,34.0,29.0,3.509,12.123,3.044,2008.0,78.5,98.5,73.5,156.8,10.2,8.5,10.0
149,1410.0,40.5,32.0,3.143,11.436,3.327,2115.0,74.75,95.0,73.0,165.2,15.5,7.75,8.5
150,451.0,29.5,25.0,3.33,12.134,3.4,1919.0,76.0,95.0,71.0,194.2,24.0,7.5,8.25
151,845.0,28.0,24.5,3.799,12.762,3.353,1763.0,82.5,108.0,81.5,266.0,29.9,8.25,10.75
152,1342.0,24.0,20.5,3.454,11.7329999999999,3.551,1801.0,68.0,88.0,67.5,136.6,10.6,7.25,8.0
153,1172.0,29.0,23.0,4.051,13.26,3.441,1666.0,79.5,105.0,81.0,212.9,13.9,8.25,8.25
154,1374.0,35.0,28.0,3.196,11.383,3.37899999999999,2056.0,84.0,104.0,77.0,193.3,17.4,8.0,9.25
155,267.0,33.0,29.0,3.382,12.706,3.218,1961.0,84.0,106.5,79.0,172.0,13.4,9.0,9.75
156,1420.0,23.5,22.5,3.514,12.025,3.483,1807.0,78.0,100.5,76.25,179.3,20.8,7.0,7.75
157,787.0,31.5,25.5,3.467046660117878,12.247189108910884,3.5052431640624997,2050.0,78.08979743083005,98.71417984189723,75.09419466403162,180.7358201581028,14.97949604743083,8.049381188118812,8.876189296333004
158,1443.0,28.0,22.5,3.789,12.1309999999999,3.445,1842.0,81.25,103.0,76.5,213.0,12.5,8.5,9.0
159,911.0,33.5,26.5,3.13,11.831,3.253,2041.0,76.5,96.0,72.5,172.0,8.9,8.25,9.25
160,480.0,29.0,26.5,3.403,12.308,3.764,1828.0,78.0,101.0,80.0,232.9,25.6,7.25,8.75
161,1113.0,31.829614604462474,25.860157016683022,3.388,12.934,3.51,1738.0,78.08979743083005,98.71417984189723,75.09419466403162,180.7358201581028,14.97949604743083,8.049381188118812,8.876189296333004
162,475.0,29.5,25.5,3.311,11.953,3.615,1897.0,74.5,97.0,75.5,167.4,12.3,7.0,8.25
163,1425.0,31.829614604462474,27.5,3.46,12.859,3.595,1798.0,79.25,99.0,75.0,170.0,17.7,8.0,8.75
164,299.0,31.829614604462474,26.0,3.418,12.19,3.298,1909.0,80.0,101.5,77.5,174.1,13.5,7.5,8.75
165,301.0,36.5,29.0,3.537,12.793,3.755,1847.0,77.0,95.5,72.5,140.0,7.0,8.0,8.5
166,1088.0,35.0,30.5,3.256,11.362,3.196,2095.0,78.0,98.0,76.5,183.2,12.6,7.25,8.0
167,391.0,36.0,33.5,3.231,12.446,3.512,2001.0,78.0,97.5,75.0,178.5,15.5,7.0,8.25
168,956.0,22.5,17.5,3.424,13.712,3.378,1665.0,71.0,91.0,69.25,128.2,7.3,7.0,7.75
169,657.0,35.5,26.5,3.376,12.716,3.521,1912.0,78.0,99.0,76.5,170.4,6.5,8.0,8.0
170,446.0,29.5,24.0,3.291,12.46,3.59,1863.0,73.75,95.5,73.0,174.0,14.7,8.0,9.0
171,672.0,28.5,24.0,3.772,12.235,3.469,1796.0,83.25,106.0,83.25,189.0,17.2,8.5,9.5
172,1098.0,30.5,25.5,3.302,12.258,3.332,1937.0,71.0,91.5,69.5,146.0,10.1,8.0,9.0
173,779.0,41.5,30.0,3.086,11.152,3.267,2169.0,77.0,95.5,70.75,160.2,19.3,7.5,8.25
174,858.0,28.0,20.5,3.709,12.066,3.355,1787.0,83.5,108.0,81.0,213.0,10.6,9.0,10.0
175,736.0,32.5,22.5,3.404,11.726,3.598,1893.0,79.0,99.5,77.0,172.0,16.6,8.0,9.0
176,894.0,32.5,24.5,3.136,11.813,3.885,1889.0,77.75,97.5,73.5,185.0,25.7,8.0,9.0
177,1452.0,30.0,22.5,3.382,12.7259999999999,3.905,1743.0,78.75,102.5,78.5,188.2,9.0,8.0,8.5
178,243.0,29.5,24.0,3.448,11.896,3.487,1883.0,73.5,95.5,73.0,162.0,6.9,8.0,9.0
179,509.0,30.5,24.5,3.522,12.969,3.576,1799.0,81.5,104.0,78.0,214.0,21.6,9.0,10.25
180,1338.0,31.0,25.0,3.302,11.935,3.543,1921.0,74.0,93.5,71.0,172.4,20.2,8.0,9.0
181,950.0,33.5,29.5,3.412,11.981,3.373,1985.0,81.0,101.5,76.0,190.1,18.2,8.0,9.25
182,1409.0,24.0,21.5,3.612,13.191,3.637,1667.0,84.0,109.5,82.5,253.0,27.9,9.25,10.75
183,1273.0,30.0,24.0,3.629,11.841,3.302,1890.0,79.0,98.0,80.0,179.2,5.9,8.0,9.5
184,776.0,28.5,24.5,3.255,13.212,3.885,1747.0,86.25,110.0,82.75,248.0,26.6,9.0,10.0
185,1193.0,36.5,28.0,3.168,11.8929999999999,3.695,1977.0,81.0,99.5,74.5,178.1,19.9,7.5,8.25
186,1132.0,27.0,23.0,3.963,13.593,3.695,1593.0,83.0,107.0,81.5,231.0,15.0,9.0,9.25
187,903.0,29.0,22.0,4.591,12.746,3.37,1623.0,82.0,104.0,79.0,197.1,8.25,9.0,9.0
188,1303.0,28.5,25.5,3.369,11.88,3.417,1916.0,72.5,92.0,70.0,155.0,18.9,8.0,8.5
189,373.0,31.829614604462474,27.0,3.422,12.679,3.67,1794.0,76.5,95.5,74.0,189.0,22.0,8.0,8.5
190,1180.0,31.0,22.5,3.467046660117878,12.247189108910884,3.5052431640624997,1970.0,78.08979743083005,98.71417984189723,75.09419466403162,180.7358201581028,14.97949604743083,8.049381188118812,8.876189296333004
191,398.0,34.5,28.0,3.383,11.893,3.28,2003.0,75.0,93.5,70.0,165.5,17.7,7.5,8.5
192,1476.0,29.0,24.0,3.322,12.004,3.447,1905.0,75.0,97.0,74.0,190.0,19.8,8.0,8.25
193,1091.0,32.0,26.5,3.354,11.763,3.239,1998.0,78.0,101.0,78.0,175.0,14.5,8.0,9.5
194,1087.0,32.0,27.0,3.372,12.448,3.786,1847.0,82.0,103.0,76.0,189.0,9.4,9.25,10.0
195,980.0,32.5,27.0,3.559,12.157,3.935,1795.0,75.0,95.0,72.5,184.5,18.1,7.5,8.25
196,1177.0,32.5,25.5,3.272,12.653,3.782,1844.0,72.0,92.0,69.75,141.0,6.2,7.5,8.25
197,1268.0,37.5,30.0,3.134,11.876,3.099,2112.0,78.5,98.0,73.5,176.0,15.6,8.25,8.5
198,964.0,35.0,30.5,3.203,10.982,3.227,2125.0,78.0,98.5,75.5,181.9,18.8,8.0,8.75
199,1276.0,29.0,25.0,3.322,12.824,3.34,1882.0,74.5,94.5,72.0,174.0,15.5,8.0,9.25
200,638.0,30.5,25.5,3.282,11.9,3.239,1977.0,74.0,96.0,71.0,171.0,20.4,8.25,8.75
201,570.0,31.829614604462474,26.5,3.321,12.184,3.719,1832.0,83.0,104.5,80.0,201.3,23.4,8.0,9.0
202,926.0,31.829614604462474,26.5,3.498,12.069,3.432,1874.0,74.5,95.5,74.0,192.1,19.2,7.5,8.25
203,763.0,36.0,28.5,3.433,12.397,3.508,1940.0,73.5,92.5,70.5,151.6,7.6,7.75,8.25
204,571.0,22.5,16.0,3.762,12.522,3.552,1608.0,66.0,87.5,67.5,126.0,14.2,7.5,7.75
205,318.0,31.5,25.5,3.293,11.5159999999999,3.433,1925.0,75.0,95.5,73.0,176.0,14.1,8.0,8.75
206,686.0,28.0,24.0,3.414,13.327,3.562,1781.0,85.5,107.0,80.75,183.5,19.7,9.0,9.0
207,806.0,35.0,29.0,3.431,11.852,3.415,1989.0,83.0,102.5,77.5,178.0,16.4,8.0,9.5
208,211.0,35.5,28.5,3.388,11.724,3.451,2041.0,78.0,99.0,75.0,149.2,6.1,7.5,8.5
209,1205.0,33.5,27.5,4.603,12.812,3.94,1581.0,80.0,101.0,77.75,216.0,10.9,8.0,9.0
210,691.0,35.0,27.5,3.492,11.482,3.427,1984.0,76.5,94.0,71.0,174.2,10.4,8.0,9.0
211,265.0,27.5,21.5,3.841,12.957,4.205,1536.0,75.0,93.5,73.0,157.0,15.2,8.0,9.25
212,930.0,41.0,29.5,3.467046660117878,12.247189108910884,3.5052431640624997,2280.0,78.08979743083005,98.71417984189723,75.09419466403162,180.7358201581028,14.97949604743083,8.049381188118812,8.876189296333004
213,603.0,32.5,27.0,3.191,12.602,3.544,1929.0,79.5,100.5,73.75,177.5,10.4,9.75,10.25
214,1277.0,31.829614604462474,25.860157016683022,3.382,13.404,3.647,1642.0,78.08979743083005,98.71417984189723,75.09419466403162,180.7358201581028,14.97949604743083,8.049381188118812,8.876189296333004
215,643.0,26.0,24.5,3.955,13.2229999999999,3.529,1662.0,82.0,103.0,76.5,261.0,34.5,8.5,9.75
216,464.0,31.829614604462474,25.860157016683022,3.42,11.183,3.226,1983.0,72.0,92.0,71.75,150.9,13.5,7.75,8.5
217,274.0,31.0,23.5,3.474,13.294,3.555,1793.0,82.5,102.0,79.5,201.0,20.2,8.0,9.0
218,784.0,34.0,28.0,3.115,12.912,3.66,1922.0,75.5,96.5,71.0,173.0,18.5,7.75,8.5
219,886.0,30.5,25.5,3.467046660117878,12.247189108910884,3.5052431640624997,2030.0,78.08979743083005,98.71417984189723,75.09419466403162,180.7358201581028,14.97949604743083,8.049381188118812,8.876189296333004
220,764.0,29.5,22.5,3.424,12.712,3.515,1824.0,81.25,105.5,79.0,208.0,9.9,8.5,9.5
221,675.0,24.5,18.0,3.386,13.2809999999999,3.675,1665.0,82.5,110.0,82.0,243.4,15.2,8.25,9.0
222,394.0,34.0,27.0,4.608,12.342,3.269,1749.0,78.5,102.0,78.0,160.6,4.0,8.0,8.5
223,484.0,36.0,31.0,3.541,12.306,3.24,1984.0,81.5,100.5,74.5,192.5,12.3,8.5,8.0
224,513.0,37.5,32.0,3.212,11.594,3.358,2077.0,78.5,97.5,74.0,165.8,17.7,8.0,9.0
225,1296.0,30.0,24.5,3.566,12.251,3.208,1898.0,81.0,99.5,74.5,178.8,19.4,8.5,9.25
226,678.0,29.5,22.5,3.325,12.8579999999999,3.69,1794.0,71.5,89.0,66.0,111.9,10.6,7.0,8.25
227,1486.0,33.0,28.5,3.407,11.851,3.684,2016.0,77.0,98.0,73.5,196.4,20.1,7.5,8.5
228,348.0,36.5,27.0,3.467046660117878,12.247189108910884,3.5052431640624997,2162.0,78.08979743083005,98.71417984189723,75.09419466403162,180.7358201581028,14.97949604743083,8.049381188118812,8.876189296333004
229,215.0,31.0,21.5,3.429,12.173,3.684,1882.0,69.0,89.0,70.5,159.5,12.8,7.5,8.5
230,878.0,31.5,25.0,3.347,12.084,3.213,1962.0,79.0,101.5,76.5,187.0,17.8,8.25,9.5
231,877.0,29.5,24.5,3.926,12.903,3.536,1719.0,79.0,101.0,77.75,185.6,20.9,8.0,9.0
232,874.0,31.829614604462474,25.860157016683022,3.376,12.009,3.496,1835.0,76.0,96.0,73.0,176.0,14.7,7.5,8.25
233,1376.0,30.5,24.5,9.954,11.86,3.318,1552.0,75.0,94.0,71.5,154.2,13.9,7.25,8.25
234,1355.0,32.0,24.0,3.408,12.314,3.265,1923.0,79.0,98.5,74.5,191.0,21.2,8.5,9.0
235,765.0,33.0,22.0,3.725,12.722,3.643,1756.0,79.0,102.0,76.0,184.4,9.0,8.5,9.0
236,1145.0,35.5,27.5,3.283,12.167,3.492,1972.0,78.0,98.5,73.0,171.0,20.1,8.0,8.5
237,510.0,35.0,25.860157016683022,3.332,11.4259999999999,3.65199999999999,1941.0,76.5,96.5,74.0,212.2,22.6,7.5,8.75
238,1068.0,34.5,28.0,3.376,13.603,3.436,1875.0,80.5,99.5,74.75,163.0,17.8,8.5,9.0
239,1337.0,32.5,26.5,3.507,12.663,3.239,1911.0,79.0,101.5,77.0,170.0,14.1,8.5,9.0
240,1293.0,33.5,27.5,3.215,13.17,3.236,1954.0,76.0,99.0,75.0,167.0,14.3,8.0,10.0
241,432.0,34.0,28.0,3.388,11.3929999999999,3.491,1997.0,80.0,99.5,75.5,168.8,6.4,8.25,9.0
242,946.0,30.0,25.0,3.386,13.171,3.594,1814.0,84.5,108.0,80.5,196.2,9.8,9.0,9.5
243,1448.0,37.0,29.5,3.22,11.703,3.083,2101.0,76.0,97.5,74.5,185.0,18.8,8.0,9.75
244,248.0,38.5,30.0,3.245,11.8809999999999,3.676,1994.0,71.5,89.5,68.25,166.0,20.3,7.75,8.0
245,735.0,32.5,28.0,3.372,11.718,3.22399999999999,2013.0,75.0,93.0,72.0,169.8,17.1,7.0,8.25
246,1362.0,34.0,26.5,3.384,12.988,3.819,1812.0,75.5,98.0,74.0,160.0,14.2,8.0,8.5
247,1224.0,30.5,26.0,3.425,12.173,3.361,1922.0,77.0,98.5,73.5,159.2,8.8,8.0,8.0
248,476.0,27.5,20.5,3.605,12.229,3.882,1687.0,81.25,104.0,78.5,210.3,11.3,8.5,10.0
249,1397.0,32.5,24.5,3.286,11.481,2.962,2055.0,76.0,99.0,76.5,173.0,14.4,8.0,8.25
250,1245.0,30.0,24.5,3.724,13.212,3.714,1712.0,81.0,102.0,78.5,214.0,19.9,8.5,9.5
251,359.0,28.5,21.0,3.335,12.616,3.446,1830.0,70.0,91.5,71.0,138.0,6.8,7.25,7.75
252,285.0,30.0,23.5,3.442,13.284,3.244,1819.0,77.0,96.5,74.0,189.0,18.9,8.0,8.0
253,507.0,35.5,30.5,3.376,11.639,3.536,2001.0,76.25,96.0,71.75,189.2,13.0,8.0,8.75
254,706.0,26.0,20.5,3.692,11.576,3.187,1837.0,71.75,91.0,71.0,139.8,4.0,8.0,8.75
255,1412.0,30.5,24.5,3.567,13.235,4.145,1643.0,78.0,99.0,75.0,202.4,29.0,8.25,8.5
256,876.0,30.5,25.5,3.523,12.584,3.388,1864.0,81.0,103.5,78.5,190.2,16.3,8.25,9.5
257,1006.0,30.0,24.0,3.475,12.745,3.906,1740.0,78.25,99.0,75.5,196.2,21.0,8.5,9.75
258,297.0,31.0,23.5,3.382,12.663,3.81399999999999,1790.0,79.5,101.0,76.0,181.4,12.1,7.75,8.0
259,465.0,35.0,26.0,3.279,11.792,3.548,1971.0,77.5,96.5,72.5,146.3,8.6,7.5,8.25
260,393.0,34.5,28.5,3.307,12.082,3.476,1978.0,78.0,101.0,78.0,195.0,20.1,8.25,9.0
261,716.0,33.5,25.5,3.53,11.779,3.595,1902.0,80.0,97.0,73.5,205.5,23.7,8.75,8.75
262,1158.0,22.0,18.5,4.45,13.093,3.767,1438.0,80.5,105.0,80.5,0.0,0.0,9.0,9.75
263,1319.0,33.0,28.0,3.343,11.084,3.301,2049.0,77.0,98.5,75.5,197.0,16.8,7.5,8.25
264,1436.0,35.0,27.0,3.413,12.148,3.565,1932.0,80.5,100.5,77.0,184.45,15.9,8.25,8.5
265,459.0,31.0,27.0,3.237,12.263,3.328,1966.0,79.5,103.5,79.0,200.0,19.9,8.5,9.0
266,865.0,34.0,28.0,3.234,13.033,3.41899999999999,1937.0,83.5,105.5,79.0,187.7,17.6,8.0,9.5
267,433.0,39.0,30.5,3.116,11.372,3.929,1995.0,78.75,97.5,73.0,170.6,10.2,8.5,9.0
268,1237.0,30.5,24.5,3.424,12.738,3.552,1842.0,76.0,95.5,71.75,224.2,19.9,8.25,9.25
269,1135.0,32.5,28.5,3.13,11.3129999999999,3.108,2108.0,73.0,93.0,72.0,147.4,12.2,7.0,7.75
270,866.0,34.5,26.5,3.417,11.922,3.377,1970.0,83.0,104.0,78.5,228.7,25.4,8.0,9.0
271,623.0,30.0,24.5,3.376,11.9409999999999,3.50399999999999,1904.0,77.5,99.0,76.25,202.6,11.3,8.0,9.0
272,1323.0,31.829614604462474,17.5,3.393,11.457,3.531,1799.0,79.0,100.5,77.0,195.4,15.9,7.5,8.75
273,596.0,34.0,28.0,3.244,11.0209999999999,3.304,2079.0,72.0,92.0,71.0,158.7,17.6,7.5,8.25
274,777.0,31.829614604462474,19.0,3.281,11.527,3.851,1755.0,78.0,100.5,76.5,224.9,24.4,8.0,9.0
275,1514.0,29.5,21.5,3.524,12.413,3.296,1838.0,76.0,98.5,75.0,146.0,6.1,8.0,8.25
276,1152.0,32.5,25.860157016683022,3.386,12.24,3.208,2044.0,83.0,98.0,78.0,196.0,9.1,8.75,9.0
277,1108.0,37.0,29.5,3.416,12.579,3.946,1842.0,80.0,99.5,75.0,177.2,7.1,8.25,8.5
278,1174.0,28.0,23.5,3.431,12.193,3.281,1891.0,78.0,98.0,76.0,186.0,18.8,7.75,7.75
279,640.0,29.5,23.0,3.61,12.247189108910884,3.291,1892.0,80.0,101.5,79.0,189.6,18.9,7.5,8.75
280,460.0,32.5,26.5,3.406,11.486,3.419,1970.0,73.0,97.5,74.5,170.0,6.3,7.5,8.25
281,816.0,31.829614604462474,32.0,3.388,13.162,3.813,1759.0,78.5,99.0,75.25,175.2,7.1,8.25,8.5
282,1490.0,37.0,29.0,3.808,11.929,3.337,2175.0,150.0,77.0,190.7,190.7,9.0,8.0,8.5
283,298.0,33.5,29.0,3.446,11.94,3.696,1913.0,80.0,103.0,81.0,162.5,14.9,8.0,8.75
284,1236.0,31.0,25.0,3.186,11.186,3.534,1991.0,72.5,91.0,71.0,151.3,15.2,7.0,8.25
285,744.0,32.0,28.0,3.627,11.825,3.382,1948.0,73.75,92.5,69.75,192.9,23.6,8.0,8.5
286,203.0,32.5,24.5,3.412,11.625,3.268,1976.0,75.0,96.5,74.5,162.4,16.8,7.5,8.25
287,940.0,31.829614604462474,28.5,3.588,12.795,3.54399999999999,1792.0,77.5,99.5,74.5,176.8,16.6,8.0,9.25
288,1348.0,31.829614604462474,25.860157016683022,3.43,11.511,3.29,1927.0,74.0,96.0,73.25,146.5,11.5,7.0,8.0
289,550.0,37.0,28.5,3.194,10.3709999999999,3.207,2178.0,71.5,90.5,71.0,169.2,14.5,7.0,8.5
290,1354.0,34.0,28.0,3.296,12.305,3.721,1908.0,75.0,93.0,70.0,152.8,14.0,8.0,8.0
291,228.0,31.0,26.0,3.46,12.184,3.079,1959.0,79.0,98.0,74.0,190.0,17.5,8.75,9.75
292,1469.0,25.5,16.5,3.475,12.296,3.521,1722.0,75.5,95.5,70.0,191.0,22.1,8.0,8.5
293,1255.0,32.0,25.5,3.723,12.615,3.5052431640624997,1840.0,80.0,99.5,78.5,174.4,17.0,8.0,9.0
294,633.0,29.5,25.0,3.568,13.451,3.302,1802.0,85.5,108.0,81.5,192.0,17.6,9.0,10.25
295,1171.0,26.5,21.0,3.513,12.641,3.303,1794.0,73.0,94.0,70.0,171.0,17.4,8.25,8.75
296,351.0,35.5,26.0,3.304,12.078,3.38,1982.0,79.0,102.5,77.75,182.0,12.9,8.0,8.5
297,696.0,29.5,23.0,3.523,12.958,3.69,1759.0,77.25,98.0,72.5,184.2,12.7,8.25,8.0
298,1039.0,34.0,27.0,3.382,13.785,3.89,1746.0,83.0,105.0,80.0,224.0,14.1,8.75,8.75
299,1442.0,40.0,31.5,3.143,10.999,3.288,2155.0,79.0,98.5,74.0,166.1,12.7,7.5,8.25
300,988.0,26.0,19.0,3.657,12.513,3.689,1681.0,75.0,96.5,74.5,183.0,21.0,8.0,8.5
301,1427.0,31.0,24.0,3.453,12.634,3.754,1792.0,70.5,89.5,67.5,135.0,13.4,7.5,8.75
302,1484.0,29.0,23.0,3.643,12.575,3.224,1836.0,77.0,98.5,74.0,203.0,20.3,8.25,9.0
303,1516.0,25.0,20.5,3.388,11.66,3.653,1801.0,76.0,95.0,72.0,176.4,22.9,7.5,8.5
304,551.0,28.5,25.5,3.551,11.372,3.461,1906.0,76.0,96.0,73.0,144.2,14.3,7.5,8.75
305,1038.0,32.5,25.5,3.456,12.517,3.74,1830.0,77.5,96.5,73.0,231.4,20.0,7.5,8.5
306,904.0,35.0,27.5,3.279,11.013,3.11,2107.0,76.5,97.0,74.0,172.0,16.1,8.0,8.5
307,232.0,35.5,29.0,3.4,11.952,3.086,2041.0,77.0,97.0,73.0,170.0,10.2,8.25,8.75
308,658.0,29.5,23.0,3.424,12.373,3.61,1833.0,75.75,96.0,72.0,225.4,19.0,8.0,9.0
309,501.0,36.0,29.5,3.303,11.862,4.175,1852.0,72.0,93.0,70.5,167.0,13.5,7.5,8.5
310,937.0,34.0,25.5,3.274,11.743,3.201,2023.0,72.5,92.0,69.5,132.2,12.6,7.5,7.75
311,734.0,29.0,23.5,3.388,12.2679999999999,3.433,1879.0,76.75,101.5,77.5,201.4,8.6,8.25,9.5
312,1143.0,31.829614604462474,25.860157016683022,3.479,11.564,3.19,1932.0,78.08979743083005,98.71417984189723,75.09419466403162,180.7358201581028,14.97949604743083,8.049381188118812,8.876189296333004
313,713.0,31.0,24.0,3.453,13.036,3.28,1866.0,74.0,93.0,70.75,161.8,18.3,8.0,8.25
314,506.0,35.0,27.0,3.388,11.924,3.55899999999999,1951.0,76.5,97.5,73.5,166.0,13.7,8.0,9.0
315,1482.0,35.0,26.5,3.153,12.354,3.464,1984.0,81.0,98.0,74.25,175.5,12.8,8.5,9.0
316,1214.0,34.0,26.5,3.388,11.807,3.447,1968.0,77.0,98.5,74.5,182.0,7.7,8.0,9.25
317,1339.0,31.0,25.0,3.47,12.928,3.422,1848.0,80.0,103.0,77.0,215.0,27.0,8.5,10.25
318,1148.0,26.5,21.5,3.406,11.839,3.531,1831.0,76.0,96.5,73.5,171.7,17.3,7.5,8.25
319,827.0,31.829614604462474,25.860157016683022,3.278,11.777,3.617,1845.0,76.0,94.0,70.0,187.9,22.6,7.5,8.25
320,818.0,36.5,25.5,3.632,12.724,3.494,1862.0,84.25,106.5,79.0,207.1,13.2,8.5,8.5
321,620.0,31.829614604462474,25.860157016683022,3.409,12.68,3.50399999999999,1758.0,75.5,94.5,71.0,170.7,17.8,7.5,8.25
322,1492.0,35.0,30.0,3.281,11.95,3.631,1974.0,80.0,101.0,74.5,165.0,15.7,9.0,9.5
323,1257.0,31.0,26.0,3.386,11.805,3.373,1952.0,74.75,96.0,74.25,171.4,7.2,7.5,8.5
324,409.0,29.5,23.5,3.458,12.432,3.414,1857.0,80.0,104.0,77.0,212.0,23.9,8.5,9.5
325,833.0,29.5,24.5,3.199,12.001,3.668,1893.0,73.0,95.0,74.0,164.6,11.1,7.5,8.0
326,377.0,29.0,22.5,3.376,12.323,3.51899999999999,1851.0,73.5,95.5,74.5,164.0,7.0,7.0,7.5
327,957.0,28.0,25.0,3.261,12.247189108910884,3.332,1959.0,82.0,103.5,76.0,188.0,20.3,8.5,9.25
328,751.0,30.5,23.0,3.423,11.705,3.641,1873.0,74.0,93.0,71.0,149.2,7.1,8.0,8.0
329,753.0,33.5,26.5,3.605,12.492,3.772,1811.0,78.25,96.0,74.0,166.5,7.0,8.0,9.0
330,1163.0,23.0,26.0,3.557,12.138,3.586,1796.0,79.0,98.0,73.5,217.8,17.1,9.0,10.25
331,1449.0,27.5,23.0,3.424,12.9829999999999,3.578,2019.0,76.5,97.0,72.25,177.8,11.0,8.0,8.0
332,375.0,28.5,28.5,3.339,11.571,3.236,1994.0,73.0,93.0,70.5,150.0,11.8,8.0,7.5
333,843.0,27.5,23.5,3.702,12.247189108910884,3.873,1698.0,85.0,104.0,76.5,235.8,28.4,8.25,9.5
334,694.0,27.5,23.0,3.497,12.055,3.304,1868.0,74.5,96.5,72.5,181.0,9.6,7.75,8.25
335,828.0,39.0,30.5,3.47,12.104,3.369,2006.0,81.75,104.5,80.5,181.9,5.8,8.25,9.25
336,1507.0,30.5,24.0,3.516,13.132,3.566,1792.0,78.5,102.0,76.5,162.25,13.4,8.25,9.5
337,830.0,32.0,24.5,3.193,12.268,4.131,1785.0,79.5,102.0,74.5,161.25,11.1,8.25,8.25
338,906.0,31.0,23.0,4.03,12.148,3.573,1730.0,80.25,104.5,80.0,191.9,9.5,8.75,8.75
339,508.0,31.0,25.0,3.581,13.184,3.583,1779.0,77.5,101.0,76.0,189.0,15.7,8.5,10.0
340,380.0,30.5,24.0,3.463,11.615,3.174,2161.0,64.125,50.5,37.875,95.75,7.55,4.25,4.5
341,466.0,26.5,21.5,3.643,12.911,3.53899999999999,1720.0,81.5,104.0,79.0,226.0,15.0,8.25,8.5
342,461.0,31.0,24.0,3.549,11.119,3.248,1968.0,72.5,90.0,69.5,153.4,15.9,7.5,8.5
343,968.0,30.0,24.0,3.453,11.648,3.189,1951.0,77.5,97.5,72.0,191.0,23.0,8.25,9.5
344,1369.0,36.0,29.0,3.376,11.634,3.081,2072.0,76.5,95.5,73.0,168.0,8.45,7.75,8.5
345,498.0,32.5,26.0,3.522,13.056,3.385,1856.0,81.0,102.5,76.0,176.0,9.5,8.75,9.0
346,1141.0,37.0,32.5,3.528,13.08,3.601,1881.0,79.0,102.5,77.5,175.0,14.1,8.25,9.25
347,1182.0,30.0,26.0,3.379,12.197,3.259,1937.0,72.5,92.0,70.5,161.0,17.5,8.25,9.5
348,387.0,34.5,28.5,3.137,12.35,4.088,1855.0,72.25,92.5,70.5,144.5,8.3,7.5,7.5
349,237.0,32.0,16.5,3.301,13.814,3.53899999999999,1705.0,77.0,96.0,73.5,176.0,17.8,7.5,8.75
350,1463.0,28.0,23.5,3.683,12.155,3.241,1844.0,83.0,105.5,80.0,218.2,12.6,8.25,9.25
351,1422.0,38.5,31.5,3.586,12.393,3.53,1937.0,75.25,95.5,73.0,156.5,4.0,8.049381188118812,8.876189296333004
352,892.0,32.0,27.5,3.357,12.242,3.908,1836.0,79.0,97.5,74.5,196.0,9.6,8.5,9.5
353,548.0,38.0,30.0,3.292,11.36,3.305,2080.0,75.5,95.0,72.0,185.0,7.7,8.5,9.0
354,575.0,35.0,30.0,3.422,12.5959999999999,3.739,1887.0,78.75,97.5,74.25,164.0,20.6,8.0,8.25
355,414.0,31.5,26.0,3.842,12.225,3.319,1826.0,77.0,98.5,74.0,160.0,11.5,8.25,9.25
356,1291.0,22.0,18.5,3.353,11.708,3.488,1797.0,79.0,97.5,72.0,161.0,14.3,8.0,8.75
357,1247.0,28.5,24.5,3.661,12.687,3.789,1726.0,79.25,101.0,75.5,173.1,10.0,8.0,9.0
358,1445.0,32.0,24.0,3.327,11.045,3.36899999999999,2004.0,75.0,93.0,69.5,177.5,24.1,7.5,8.5
359,505.0,39.5,28.5,3.468,11.149,3.218,2080.0,81.0,100.0,76.25,195.8,16.6,8.5,10.0
360,1399.0,28.5,24.5,3.388,12.088,3.057,1952.0,81.5,105.0,79.0,171.0,14.9,8.5,10.25
361,677.0,34.0,24.0,3.55,12.498,3.902,1773.0,72.0,91.0,69.5,148.0,12.4,7.5,8.0
362,321.0,28.5,23.5,3.564,12.453,3.328,1842.0,75.0,99.0,75.0,209.0,22.4,8.0,9.0
363,307.0,38.0,29.0,3.278,11.972,3.4,2079.0,78.0,96.5,74.0,176.1,8.0,8.0,9.0
364,810.0,26.0,22.5,3.78,13.332,4.098,1541.0,76.0,100.0,77.0,172.2,15.6,8.0,8.5
365,983.0,37.5,31.0,3.337,11.934,3.642,1979.0,79.0,94.5,72.5,169.2,20.6,8.0,8.75
366,1144.0,31.5,24.5,3.5,12.4709999999999,3.481,1865.0,82.5,104.0,79.0,152.0,7.0,8.0,9.5
367,1167.0,28.0,24.5,3.545,12.247189108910884,3.562,1849.0,84.0,104.0,79.5,180.4,15.9,8.0,9.5
368,649.0,35.5,30.5,3.187,11.4959999999999,3.366,2072.0,78.5,97.0,75.0,171.8,13.9,7.25,8.25
369,1431.0,32.0,26.5,3.432,12.285,3.336,1933.0,81.75,104.5,80.0,205.0,11.0,8.5,9.25
370,374.0,36.5,29.5,3.299,11.7659999999999,3.54,2006.0,78.0,95.5,73.0,201.5,26.8,8.0,9.0
371,1519.0,32.0,25.5,3.467046660117878,12.273,3.554,1882.0,79.75,102.0,77.5,199.8,20.8,8.75,10.0
372,732.0,34.0,27.5,3.688,12.092,3.448,1899.0,80.0,99.0,76.0,183.0,7.0,8.75,9.0
373,405.0,26.5,25.0,3.519,12.303,3.092,1892.0,77.5,101.5,77.5,185.0,16.5,8.0,9.0
374,785.0,32.5,26.5,3.424,12.464,3.991,1786.0,81.0,100.5,75.0,187.0,11.4,8.25,8.5
375,1250.0,37.0,26.5,3.522,12.316,3.498,1917.0,79.5,98.0,73.75,196.4,19.5,8.25,9.5
376,541.0,33.0,25.0,3.366,11.717,3.26,1988.0,80.25,100.5,77.0,198.3,7.2,9.0,10.5
377,1262.0,37.0,29.5,3.467046660117878,12.247189108910884,3.5052431640624997,2218.0,78.08979743083005,98.71417984189723,75.09419466403162,180.7358201581028,14.97949604743083,8.049381188118812,8.876189296333004
378,489.0,31.0,25.0,3.597,11.714,3.433,2086.0,65.75,52.75,40.25,93.35,5.7,4.375,4.875
379,344.0,27.0,20.0,3.425,12.235,3.524,1793.0,71.0,92.0,68.0,173.0,23.8,8.0,8.0
380,959.0,36.5,30.0,3.376,11.751,3.601,1983.0,76.25,97.5,72.0,182.0,10.3,8.0,9.0
381,402.0,28.0,25.5,3.598,11.953,3.83399999999999,1776.0,76.0,96.5,72.5,157.6,15.5,7.0,8.25
382,453.0,35.5,29.0,3.748,12.024,3.217,1949.0,77.5,94.0,76.5,192.2,5.1,8.25,9.5
383,342.0,30.0,23.0,3.643,12.805,3.586,1771.0,78.0,96.5,73.0,209.6,25.0,8.0,9.5
384,1027.0,34.0,28.0,3.24,11.782,3.22,2044.0,75.0,97.5,76.0,173.0,11.7,8.0,8.75
385,934.0,33.5,26.5,3.198,11.602,3.596,1980.0,75.5,94.0,72.0,179.1,18.7,7.5,8.75
386,556.0,27.0,25.0,3.487,12.373,3.764,1776.0,72.0,92.0,70.5,170.1,21.2,7.25,8.25
387,1474.0,32.0,24.0,3.198,12.677,3.52399999999999,2088.0,79.5,101.0,73.5,110.85,21.4,8.0,8.75
388,943.0,22.5,21.5,3.395,12.168,3.396,1815.0,80.5,100.5,76.5,185.7,17.0,8.0,9.0
389,614.0,27.0,23.5,3.801,13.1559999999999,3.935,1608.0,89.0,112.0,83.0,240.3,32.0,8.25,9.5
390,850.0,32.5,24.0,3.863,12.181,3.347,1830.0,79.75,99.0,75.0,167.5,16.6,8.5,10.0
391,1301.0,36.5,28.5,3.467046660117878,12.247189108910884,3.5052431640624997,2192.0,78.08979743083005,98.71417984189723,75.09419466403162,180.7358201581028,14.97949604743083,8.049381188118812,8.876189296333004
392,491.0,34.0,30.0,3.537,11.069,3.306,2035.0,78.5,99.0,79.0,194.5,6.8,8.0,9.0
393,883.0,31.829614604462474,24.5,3.414,12.045,3.21,1922.0,74.5,95.0,72.5,138.8,11.3,7.25,8.0
394,720.0,29.0,26.0,3.389,12.8,3.668,1822.0,76.5,95.5,73.5,174.5,13.7,7.75,8.0
395,1187.0,31.5,21.5,3.404,13.029,4.105,1667.0,76.0,96.0,73.75,176.6,22.6,8.0,8.5
396,805.0,31.5,24.0,3.3,12.52,3.47899999999999,1895.0,74.0,92.0,69.5,151.6,15.1,7.5,8.75
397,1439.0,38.0,30.5,3.165,10.5979999999999,3.136,2195.0,81.5,100.0,74.0,185.0,21.6,8.0,9.25
398,1330.0,34.5,24.0,3.418,13.104,3.596,1840.0,85.25,107.5,80.0,193.2,8.5,9.5,9.5
399,1454.0,27.5,23.0,3.602,13.4609999999999,3.70399999999999,1687.0,83.0,107.5,81.25,217.0,12.8,8.75,8.75
400,800.0,30.5,25.0,3.425,11.689,3.551,1908.0,74.75,93.5,70.5,161.8,10.4,8.0,8.5
401,612.0,40.0,26.5,3.313,12.032,3.53899999999999,1986.0,80.0,100.5,75.5,173.0,18.0,8.0,8.75
402,539.0,32.0,24.5,3.38,13.184,3.61,1823.0,76.0,94.5,71.5,205.0,9.5,8.0,9.0
403,781.0,36.0,28.0,3.388,11.219,3.40199999999999,2034.0,72.0,92.0,70.0,159.4,8.0,7.5,8.25
404,1411.0,31.5,27.5,3.576,12.505,3.875,1781.0,82.0,102.0,76.0,176.8,21.4,8.0,9.25
405,220.0,34.0,27.5,3.325,11.777,3.68,1941.0,78.0,97.5,72.5,166.0,8.4,8.0,8.5
406,875.0,31.5,26.5,3.719,12.987,3.586,1785.0,85.0,105.0,80.5,183.3,7.1,9.0,10.25
407,961.0,31.5,24.5,3.451,11.797,3.753,1854.0,75.5,95.5,71.5,143.4,16.3,7.5,8.75
408,723.0,33.5,27.5,3.256,10.927,3.387,2062.0,78.0,97.0,74.0,160.2,11.8,8.0,8.75
409,786.0,37.5,29.5,3.107,11.534,3.655,2039.0,80.0,98.0,75.0,179.2,17.7,8.5,9.5
410,1343.0,31.5,25.0,3.396,12.005,3.491,1910.0,76.0,99.5,76.0,208.0,11.7,8.25,8.5
411,1121.0,32.5,23.0,3.367,11.8,3.421,1932.0,73.0,94.5,71.5,166.0,19.9,7.5,8.0
412,634.0,31.0,27.0,3.416,13.053,3.494,1855.0,83.0,106.5,80.0,171.0,8.5,8.5,9.0
413,331.0,26.0,23.5,3.475,13.148,3.591,1746.0,83.0,107.5,80.5,261.4,18.7,8.5,9.0
414,1360.0,30.0,25.5,3.346,11.35,3.367,1976.0,77.0,99.0,76.0,181.2,21.6,7.0,8.5
415,987.0,34.0,30.0,3.239,11.9,3.492,2007.0,80.5,98.5,76.0,214.2,22.4,8.0,8.75
416,792.0,31.829614604462474,25.860157016683022,3.396,10.886,3.98199999999999,1760.0,71.0,91.5,71.25,150.0,12.3,7.25,8.5
417,1215.0,30.5,23.5,3.467046660117878,12.247189108910884,3.5052431640624997,1990.0,78.08979743083005,98.71417984189723,75.09419466403162,180.7358201581028,14.97949604743083,8.049381188118812,8.876189296333004
418,1281.0,31.829614604462474,25.860157016683022,3.22,10.964,3.449,2003.0,76.0,97.0,73.25,179.7,18.6,7.5,8.25
419,1285.0,32.5,25.0,3.71,12.198,3.401,1874.0,75.5,95.5,73.5,152.6,11.3,8.25,9.5
420,1195.0,32.0,23.5,3.386,11.889,3.517,1910.0,76.25,96.5,71.5,183.4,13.1,8.25,8.5
421,249.0,34.5,25.5,3.328,13.954,4.126,1676.0,81.75,100.5,75.0,172.5,17.5,8.5,9.0
422,1189.0,28.5,23.0,3.409,12.69,3.565,1813.0,78.5,102.5,76.5,171.0,17.7,8.5,9.0
423,296.0,31.829614604462474,25.860157016683022,3.328,12.277,3.855,1687.0,78.08979743083005,98.71417984189723,75.09419466403162,180.7358201581028,14.97949604743083,8.049381188118812,8.876189296333004
424,369.0,31.0,25.5,3.521,12.032,3.435,1898.0,75.5,100.0,76.25,179.6,6.3,8.0,8.5
425,234.0,34.0,29.5,3.467046660117878,12.247189108910884,3.5052431640624997,2180.0,78.08979743083005,98.71417984189723,75.09419466403162,180.7358201581028,14.97949604743083,8.049381188118812,8.876189296333004
426,718.0,28.0,25.5,3.385,12.109,3.383,1899.0,81.5,106.5,79.5,202.0,22.1,8.5,9.75
427,990.0,32.5,25.5,3.413,12.492,3.75,1833.0,81.0,104.0,77.0,225.0,24.6,8.75,9.75
428,384.0,30.5,24.0,3.424,12.886,3.43,1853.0,82.5,103.5,77.25,185.8,9.1,8.25,9.0
429,1457.0,36.0,29.0,3.48,12.354,4.081,1801.0,81.0,101.5,75.5,172.2,16.6,8.5,9.25
430,1240.0,32.0,27.0,3.142,12.247189108910884,3.187,2092.0,75.0,94.0,72.5,147.8,11.9,7.5,8.5
431,275.0,38.0,32.5,3.405,13.129,4.226,1779.0,82.0,101.0,77.0,205.5,26.0,8.5,9.0
432,1164.0,31.0,26.5,3.409,11.83,3.194,1976.0,72.5,95.0,73.0,170.0,6.2,7.5,8.0
433,986.0,35.5,30.5,3.171,12.077,3.207,2068.0,78.0,101.0,76.5,187.0,20.5,8.25,9.5
434,979.0,42.0,34.5,3.165,11.269,3.325,2159.0,76.5,96.0,72.5,155.6,14.3,8.0,9.0
435,746.0,31.5,25.5,3.388,11.5,3.336,1976.0,78.0,100.5,75.75,168.0,6.9,8.25,9.5
436,579.0,31.829614604462474,23.0,3.702,13.133,3.813,1604.0,81.0,99.5,73.0,217.4,30.3,8.0,9.5
437,527.0,32.0,26.0,3.387,11.542,3.548,1945.0,74.0,94.0,73.0,189.0,17.4,7.5,8.75
438,1326.0,31.829614604462474,25.0,3.424,13.9,3.589,1691.0,78.0,98.5,73.75,200.4,11.4,7.75,9.0
439,815.0,31.829614604462474,28.5,3.213,11.681,3.568,1955.0,80.5,100.5,76.0,184.0,6.7,8.75,8.75
440,655.0,28.5,24.5,3.606,11.78,3.825,1794.0,79.25,102.5,79.25,216.7,13.3,7.5,8.0
441,1444.0,31.0,25.0,3.584,12.924,3.567,1799.0,79.0,102.0,77.0,186.0,16.9,8.5,10.0
442,1462.0,37.0,26.0,3.402,12.737,3.367,1934.0,98.25,95.0,72.75,165.1,7.2,8.0,9.25
443,705.0,31.829614604462474,25.860157016683022,3.308,11.859,3.988,1677.0,85.5,105.0,77.5,183.0,21.5,8.0,9.25
444,825.0,33.0,26.5,3.638,12.314,3.483,1874.0,76.0,95.5,73.75,181.7,10.5,8.0,8.25
445,320.0,31.0,24.5,3.787,12.262,3.763,1751.0,72.0,95.5,74.0,135.9,4.0,7.5,8.0
446,639.0,35.5,30.0,3.316,12.165,3.793,1919.0,85.0,107.0,81.0,207.6,17.4,8.5,9.75
447,1243.0,33.5,26.5,3.368,11.584,3.006,2049.0,76.5,99.0,75.0,176.2,14.1,8.25,8.5
448,1311.0,31.0,27.0,3.365,12.188,3.388,1935.0,75.0,98.0,73.5,160.0,15.2,8.25,9.0
449,525.0,31.829614604462474,25.860157016683022,3.406,11.4709999999999,3.609,1842.0,81.5,102.5,76.5,199.0,20.0,8.0,8.75
450,368.0,31.5,24.5,3.267,11.443,3.45,1973.0,70.5,90.5,70.5,148.5,15.9,7.5,9.0
451,1085.0,31.0,26.0,3.592,12.722,3.647,1806.0,81.0,102.5,77.5,154.5,4.0,8.0,8.0
452,782.0,33.0,24.5,3.386,12.51,3.287,1929.0,71.5,93.5,71.25,146.4,6.7,7.75,8.5
453,340.0,31.5,25.0,3.467046660117878,11.33,3.361,1985.0,79.75,104.5,80.0,191.6,9.4,8.5,9.0
454,1458.0,31.0,25.0,3.382,11.8159999999999,3.488,1926.0,71.5,93.0,69.5,154.8,11.7,7.25,8.25
455,1114.0,25.0,20.0,3.425,12.068,4.018,1675.0,77.5,98.5,74.0,207.6,17.4,8.0,9.25
456,1021.0,31.829614604462474,27.5,3.376,12.635,3.838,1760.0,77.5,99.0,76.0,180.2,6.8,8.0,8.7
457,1079.0,30.5,25.5,3.305,11.991,3.106,1989.0,71.0,90.5,67.5,147.0,14.0,7.75,8.75
458,1382.0,33.0,26.0,3.368,11.305,3.365,2003.0,81.0,101.0,74.0,178.0,19.9,8.0,9.25
459,1365.0,30.5,24.0,3.419,11.754,3.538,1900.0,80.0,99.0,74.5,160.3,10.7,7.5,8.5
460,222.0,35.0,26.5,3.508,12.459,3.314,1935.0,79.0,97.0,75.0,177.2,21.7,8.5,9.0
461,859.0,33.0,29.0,3.541,12.487,3.359,1918.0,81.5,105.0,80.0,213.0,18.0,8.75,9.25
462,262.0,31.829614604462474,28.0,3.55,12.2259999999999,3.41,1870.0,82.0,101.5,77.0,179.6,16.5,8.25,9.5
463,700.0,36.5,28.0,3.386,11.931,3.43399999999999,1988.0,81.5,99.0,75.0,178.0,8.25,9.0,9.0
464,1491.0,36.0,27.5,3.365,12.459,3.452,1952.0,79.0,96.5,76.0,190.0,21.9,8.0,8.5
465,790.0,32.5,27.0,3.256,11.026,3.304,2056.0,74.5,93.5,72.0,159.7,13.5,7.5,8.25
466,1361.0,35.0,25.5,3.475,11.878,3.73,1886.0,76.0,97.0,75.5,157.6,11.6,7.25,8.25
467,854.0,30.0,25.5,3.756,11.878,3.153,1886.0,77.5,99.0,74.5,190.4,9.4,8.5,9.5
468,1437.0,29.0,25.860157016683022,3.388,12.869,3.855,1701.0,78.5,97.0,72.0,172.4,10.1,8.0,9.0
469,246.0,31.829614604462474,24.0,3.826,13.581,3.668,1585.0,82.75,105.0,81.0,214.0,15.2,8.5,9.0
470,238.0,31.0,25.5,3.608,12.771,3.468,1831.0,80.0,101.5,77.0,207.0,11.0,8.5,9.5
471,948.0,28.0,24.5,3.506,12.487,3.837,1748.0,77.0,98.5,74.5,191.0,22.4,8.25,9.25
472,330.0,32.0,25.5,3.318,12.403,3.503,1908.0,82.0,104.5,78.5,218.0,23.1,9.0,9.5
473,444.0,36.5,29.0,3.171,11.528,3.289,2083.0,82.5,103.0,77.25,215.0,12.7,8.5,9.0
474,849.0,35.5,27.0,3.467046660117878,12.247189108910884,3.5052431640624997,2152.0,78.08979743083005,98.71417984189723,75.09419466403162,180.7358201581028,14.97949604743083,8.049381188118812,8.876189296333004
475,1173.0,30.0,23.0,3.664,12.486,3.471,1809.0,75.0,95.5,73.5,146.2,6.9,8.5,8.5
476,1406.0,29.0,25.0,3.371,12.756,3.403,1865.0,75.0,97.0,73.5,191.0,22.8,8.5,9.0
477,820.0,34.5,25.860157016683022,3.284,11.204,3.376,2030.0,74.5,92.0,70.0,149.0,14.2,7.0,8.25
478,572.0,31.5,27.5,3.409,11.321,3.59899999999999,1952.0,73.5,91.5,70.0,154.0,18.3,7.0,8.25
479,1440.0,32.0,25.5,3.321,12.722,3.068,1961.0,79.0,107.0,80.0,189.0,18.5,8.5,10.25
480,336.0,31.829614604462474,25.860157016683022,3.465,12.445,3.548,1748.0,80.0,103.0,82.0,199.1,24.2,7.5,8.5
481,768.0,31.5,26.5,3.348,12.782,3.5,1885.0,82.0,105.0,77.0,178.0,20.4,9.0,8.0
482,487.0,32.0,26.0,3.32,13.5659999999999,3.798,1772.0,71.0,90.0,68.0,148.0,17.2,7.0,8.0
483,310.0,34.5,25.0,3.218,11.42,3.458,2009.0,75.0,95.5,74.0,159.0,13.5,7.0,8.5
484,281.0,30.5,24.5,3.467046660117878,11.67,3.518,1910.0,83.0,107.5,80.5,190.6,11.5,9.25,9.75
485,1128.0,28.0,24.0,3.516,14.3,3.485,1699.0,73.5,93.0,72.0,168.5,20.8,7.0,8.0
486,966.0,34.0,30.0,3.345,12.362,3.383,1980.0,78.0,100.0,77.0,182.5,19.8,7.25,8.75
487,1033.0,23.5,20.5,3.424,14.1109999999999,4.171,1507.0,76.5,98.0,74.75,188.6,9.4,8.5,8.5
488,737.0,29.5,25.5,3.467046660117878,12.247189108910884,3.5052431640624997,2010.0,78.08979743083005,98.71417984189723,75.09419466403162,180.7358201581028,14.97949604743083,8.049381188118812,8.876189296333004
489,1455.0,34.0,29.0,3.678,11.837,3.235,2095.0,149.0,77.5,77.5,198.5,7.6,8.0,9.25
490,1218.0,32.0,24.0,3.335,12.963,3.705,2007.0,72.0,7.5,70.0,154.6,4.9,8.0,8.0
491,309.0,28.5,22.0,3.972,13.996,3.555,1559.0,81.5,108.0,81.5,212.0,24.0,8.75,9.25
492,261.0,33.5,28.0,3.372,12.123,3.344,1973.0,77.0,100.0,76.0,188.0,18.8,8.0,8.0
493,1304.0,37.5,29.5,3.485,12.3929999999999,3.695,1905.0,76.0,96.0,73.0,163.9,14.9,7.25,8.25
494,1497.0,34.5,26.5,3.388,13.299,3.333,1901.0,80.5,100.5,74.25,195.0,13.5,8.0,9.25
495,1117.0,28.5,23.5,3.548,11.772,4.02,1738.0,80.0,102.0,79.5,198.2,18.5,8.0,9.0
496,1500.0,30.5,24.0,3.443,11.634,3.609,1888.0,77.5,97.5,76.0,154.7,12.0,7.25,8.0
497,669.0,31.0,25.5,3.473,11.683,3.29,1947.0,72.5,93.0,70.0,172.0,9.5,7.5,8.25
498,210.0,30.0,25.0,3.404,12.692,3.402,1876.0,77.75,96.0,71.0,170.0,17.3,8.0,9.25
499,341.0,31.5,27.0,3.588,12.51,3.438,1872.0,81.25,105.0,79.5,202.6,8.2,8.0,9.0
500,441.0,35.5,32.0,3.319,12.155,3.48,1997.0,83.0,104.5,77.0,161.5,9.8,8.0,9.25
501,397.0,32.0,27.5,3.372,12.636,3.5052431640624997,1946.0,78.25,97.0,72.5,166.5,20.2,8.0,8.5
502,472.0,33.5,28.0,3.458,11.761,3.393,1974.0,82.5,103.0,77.0,215.4,21.4,8.0,9.25
503,302.0,38.5,32.0,3.065,10.794,3.346,2179.0,75.0,93.5,72.0,161.6,11.7,7.5,8.5
504,928.0,29.0,23.0,3.282,13.081,3.497,1831.0,77.0,102.0,77.5,175.0,15.0,8.25,8.75
505,270.0,33.0,24.5,3.325,11.244,3.203,2029.0,74.0,92.0,70.5,164.4,17.1,7.5,8.25
506,497.0,30.5,25.0,3.415,11.716,3.099,1981.0,72.5,92.0,70.0,122.0,6.4,8.0,8.5
507,437.0,25.0,21.0,3.757,14.775,3.448,1571.0,77.5,96.0,73.5,143.8,19.3,7.75,8.0
508,356.0,36.0,31.5,3.358,12.034,3.212,2043.0,75.75,94.0,73.5,169.4,7.9,8.0,8.5
509,659.0,27.5,22.5,3.467046660117878,12.247189108910884,3.5052431640624997,1892.0,78.08979743083005,98.71417984189723,75.09419466403162,180.7358201581028,14.97949604743083,8.049381188118812,8.876189296333004
510,208.0,33.0,28.0,3.361,11.702,3.083,2038.0,76.0,97.5,74.5,182.0,7.9,8.0,8.5
511,436.0,31.0,24.5,6.313,12.2229999999999,3.528,1537.0,83.5,106.5,79.0,205.0,22.1,8.0,9.5
512,1139.0,30.5,24.5,3.369,12.861,3.442,1862.0,82.5,104.5,77.0,180.8,13.9,8.5,9.25
513,1453.0,26.0,22.5,3.764,12.635,3.71199999999999,1684.0,81.0,102.0,78.0,214.0,29.3,8.0,9.25
514,666.0,30.0,23.5,3.653,12.048,3.716,1789.0,76.5,98.0,74.0,168.6,13.7,7.75,8.5
515,511.0,35.5,25.5,3.401,12.0,3.598,1922.0,71.0,88.5,67.0,150.0,20.7,7.5,7.5
516,419.0,29.5,27.0,3.797,12.247189108910884,3.573,1820.0,81.0,101.0,76.5,208.2,24.4,8.5,8.5
517,993.0,36.0,29.0,3.083,12.276,3.437,2034.0,79.0,99.5,76.0,183.0,7.0,9.0,9.5
518,1470.0,32.0,25.0,3.669,12.299,3.486,1848.0,75.0,95.5,74.75,184.3,8.6,8.0,9.0
519,813.0,23.5,18.0,4.06,13.835,3.484,1511.0,78.0,97.0,73.5,242.4,21.7,8.0,8.25
520,1213.0,32.0,24.5,3.556,12.536,3.192,1901.0,79.0,101.0,76.5,179.5,7.2,8.0,9.0
521,1061.0,29.0,25.860157016683022,3.338,11.363,3.804,1839.0,76.5,95.5,71.5,155.6,16.0,8.5,8.5
522,721.0,32.0,25.0,3.388,12.338,3.558,1888.0,81.0,102.5,74.25,170.6,7.5,8.25,9.0
523,1083.0,33.5,30.0,3.519,12.142,3.909,1840.0,85.0,104.5,78.0,202.7,15.7,8.0,9.25
524,1520.0,35.0,27.5,3.401,11.992,3.243,1998.0,74.0,94.5,71.5,168.0,14.6,8.5,9.0
525,392.0,34.5,30.5,3.424,11.813,3.337,2007.0,83.0,104.5,79.5,200.0,18.3,8.75,10.0
526,1050.0,31.829614604462474,24.5,3.586,11.593,3.583,1831.0,79.0,100.5,78.25,172.2,11.6,7.25,8.25
527,217.0,29.5,23.0,3.672,12.684,3.939,1684.0,79.5,103.5,80.5,230.2,13.3,8.0,9.0
528,343.0,25.5,22.5,4.096,12.864,3.842,1553.0,84.5,111.0,83.0,200.7,12.1,9.0,11.0
529,1078.0,32.5,28.0,3.546,12.247189108910884,3.441,1956.0,80.5,101.5,76.5,184.2,17.6,8.0,9.25
530,500.0,22.0,16.0,4.062,12.105,3.412,1591.0,78.0,101.0,77.5,178.7,19.1,7.5,8.25
531,728.0,31.5,23.5,3.483,12.0,3.699,1842.0,80.0,100.5,77.5,172.6,15.6,8.0,8.75
532,258.0,28.0,26.0,3.869,12.247189108910884,3.669,1847.0,82.25,105.5,80.0,193.9,8.7,8.25,8.75
533,1040.0,31.5,27.5,3.461,12.181,3.798,1842.0,83.0,104.5,78.5,215.1,18.2,8.25,9.5
534,1475.0,19.0,18.0,3.425,12.247189108910884,3.846,1592.0,85.0,107.0,80.75,223.2,14.6,9.0,10.25
535,1211.0,33.5,28.5,3.376,11.339,3.546,1991.0,80.5,100.5,75.0,166.6,7.0,8.0,8.25
536,1056.0,29.0,24.5,3.691,11.388,3.889,1808.0,80.0,100.5,77.5,200.9,22.4,7.5,8.75
537,1472.0,29.5,21.0,3.806,13.072,3.848,1626.0,80.0,99.5,73.5,145.0,13.0,7.5,7.5
538,1430.0,31.5,26.0,3.353,13.311,3.714,1803.0,84.75,108.0,79.75,198.5,20.3,8.75,9.75
539,1438.0,31.0,21.5,3.512,12.276,3.514,1828.0,73.25,91.0,68.0,152.5,14.9,7.75,8.25
540,1054.0,34.5,27.5,3.562,12.694,3.714,1837.0,78.25,100.0,75.5,183.4,14.8,8.25,9.0
541,440.0,32.0,26.0,3.28,11.244,3.295,2026.0,77.0,97.5,74.5,193.2,20.3,7.5,8.25
542,1100.0,35.0,30.0,3.291,12.162,3.38,2006.0,78.0,99.0,76.0,179.0,10.4,8.0,9.0
543,794.0,30.5,25.5,3.574,12.145,3.464,1872.0,83.0,102.5,77.0,167.7,17.6,8.0,9.25
544,969.0,31.829614604462474,25.860157016683022,3.287,12.311,3.627,1788.0,71.0,92.0,72.5,148.8,11.2,7.0,8.5
545,1284.0,29.5,24.5,3.504,11.216,3.368,1942.0,74.0,92.0,72.0,138.9,9.1,7.0,8.25
546,927.0,37.5,32.0,3.22,11.28,3.50399999999999,2070.0,81.0,101.5,78.0,206.0,18.4,7.0,8.25
547,1179.0,31.829614604462474,25.860157016683022,3.467046660117878,12.247189108910884,3.505,1735.0,73.0,94.0,72.0,171.0,17.7,8.0,8.75
548,823.0,31.829614604462474,17.0,3.461,11.785,3.485,1758.0,79.0,99.5,75.5,191.0,16.0,7.0,8.25
549,1310.0,26.0,22.0,3.548,11.931,3.474,1808.0,71.0,93.5,70.0,179.0,18.9,7.25,8.25
550,896.0,34.5,26.5,3.639,12.119,3.49,1897.0,78.75,103.0,78.5,170.8,4.0,8.0,9.0
551,442.0,30.5,23.5,3.712,12.247189108910884,3.32,1957.0,80.25,102.0,77.75,194.0,10.4,8.0,8.5
552,665.0,31.829614604462474,23.5,3.388,12.0759999999999,3.389,1879.0,74.5,96.5,73.5,158.2,6.5,7.5,8.0
553,1426.0,30.5,24.0,3.488,12.383,3.126,1914.0,81.0,103.0,78.5,205.0,23.3,8.75,9.0
554,598.0,31.829614604462474,26.0,3.352,11.387,3.506,1938.0,80.0,99.5,76.5,185.0,20.3,8.0,9.5
555,1238.0,33.5,27.0,3.613,13.168,3.421,1840.0,79.5,101.0,76.25,214.0,13.4,8.75,10.0
556,863.0,32.0,30.0,3.44,12.235,3.561,1922.0,84.5,102.5,77.0,232.5,27.8,8.0,9.5
557,284.0,30.5,24.5,3.424,11.084,3.61,1932.0,76.75,97.5,74.5,162.0,11.7,8.5,9.5
558,809.0,29.0,26.0,3.202,11.02,3.442,2062.0,75.5,95.5,73.5,174.6,7.4,7.5,9.5
559,1244.0,33.5,27.0,3.158,11.708,3.182,2059.0,75.5,97.0,74.0,178.0,14.9,8.25,9.75
560,482.0,30.5,25.0,3.467046660117878,12.247189108910884,3.5052431640624997,2020.0,78.08979743083005,98.71417984189723,75.09419466403162,180.7358201581028,14.97949604743083,8.049381188118812,8.876189296333004
561,1090.0,31.0,24.0,3.376,12.247,3.77399999999999,1829.0,73.75,94.5,72.75,171.2,7.8,7.5,8.25
562,767.0,34.0,27.0,3.717,13.018,3.777,1762.0,77.0,97.5,73.5,154.8,6.0,8.25,8.5
563,1007.0,33.5,29.5,3.897,11.714,3.065,1949.0,80.0,99.0,76.5,173.1,4.0,8.5,10.0
564,909.0,30.0,23.5,3.386,12.424,3.475,1871.0,80.5,103.0,78.75,211.0,11.1,8.75,9.0
565,1111.0,34.5,26.5,3.193,11.918,3.446,2000.0,73.0,92.5,72.0,158.0,10.3,8.0,8.0
566,535.0,39.0,33.0,3.314,12.156,3.286,2055.0,72.0,94.0,71.5,148.0,14.1,8.0,8.25
567,1202.0,33.5,29.5,3.372,12.272,3.4,1967.0,78.5,101.0,76.5,172.0,14.0,8.0,9.0
568,1468.0,33.5,29.5,3.424,12.288,3.47,1949.0,79.5,99.5,75.5,182.2,9.5,8.5,9.0
569,692.0,33.0,28.0,3.347,12.082,3.08,2020.0,77.0,97.5,74.0,205.0,19.5,8.25,9.25
570,473.0,31.0,28.0,3.395,12.369,3.391,1931.0,82.0,102.0,77.0,219.1,24.6,8.0,9.5
571,399.0,33.5,30.5,3.273,11.866,4.326,1836.0,82.5,102.5,77.0,162.7,12.2,7.5,8.25
572,1367.0,27.5,23.0,3.643,12.894,3.62,1737.0,82.0,101.0,77.5,217.0,20.1,8.5,10.0
573,418.0,30.0,22.5,3.541,12.217,3.703,1792.0,77.0,101.5,74.0,157.75,6.5,8.0,8.0
574,478.0,26.0,21.0,3.826,13.099,4.244,1510.0,80.0,99.0,76.5,213.7,27.4,7.25,8.25
575,263.0,34.5,27.5,3.189,10.9279999999999,3.266,2103.0,76.5,97.5,75.5,179.5,16.0,7.25,8.25
576,627.0,31.0,25.0,3.732,12.707,3.755,1743.0,84.75,107.0,80.0,243.0,23.6,8.5,9.75
577,553.0,36.5,30.0,3.311,11.552,3.169,2079.0,82.0,105.0,80.0,195.0,9.2,8.25,10.0
578,915.0,35.0,27.5,3.428,11.52,3.71199999999999,1937.0,27.0,95.5,71.25,170.4,7.25,7.25,8.0
579,1023.0,30.0,23.0,3.668,12.937,3.603,1756.0,83.0,106.0,79.0,204.0,11.3,9.0,10.0
580,925.0,33.5,27.0,3.565,12.0059999999999,3.354,1936.0,75.25,98.0,75.0,173.2,7.1,8.0,9.5
581,479.0,31.829614604462474,25.860157016683022,3.376,11.8009999999999,3.597,1823.0,78.08979743083005,98.71417984189723,75.09419466403162,180.7358201581028,14.97949604743083,8.049381188118812,8.876189296333004
582,902.0,32.0,27.5,3.553,12.289,3.488,1892.0,82.25,105.0,77.0,185.4,19.5,8.5,9.0
583,352.0,29.5,26.5,3.444,11.93,3.012,1981.0,83.5,104.5,79.5,200.0,19.9,9.25,10.25
584,1295.0,34.5,28.0,3.249,11.41,3.346,2048.0,72.5,93.5,72.5,162.8,15.8,7.0,8.25
585,931.0,32.0,27.0,3.424,12.39,3.412,1921.0,73.0,92.0,69.75,148.8,11.9,7.5,8.0
586,891.0,35.5,22.5,3.401,12.562,3.852,1770.0,79.75,100.0,77.0,188.5,19.2,7.75,8.25
587,316.0,31.829614604462474,21.0,3.703,12.889,3.96199999999999,1542.0,76.0,91.0,67.5,161.7,20.6,7.5,8.75
588,846.0,29.5,24.5,3.304,11.834,3.509,1918.0,76.5,98.0,75.0,177.5,7.4,8.0,9.0
589,454.0,31.829614604462474,25.0,3.613,12.37,3.739,1728.0,77.5,98.5,74.0,159.4,7.1,8.5,9.0
590,407.0,31.829614604462474,25.860157016683022,3.219,11.735,3.605,1870.0,74.5,94.0,72.0,175.5,18.8,7.5,8.5
591,1230.0,29.0,25.0,3.596,12.3009999999999,4.031,1710.0,80.0,100.5,77.25,174.8,21.8,7.75,8.25
592,557.0,31.0,25.0,3.388,12.455,3.461,1891.0,77.25,98.5,75.25,168.4,7.3,7.75,8.75
593,613.0,31.829614604462474,25.860157016683022,3.464,11.71,3.4,1865.0,78.0,95.5,72.0,168.0,18.8,7.5,8.25
594,711.0,29.5,24.5,3.47,11.998,3.423,1893.0,77.0,100.5,75.75,215.0,13.0,8.5,9.5
595,840.0,31.5,24.5,3.537,12.225,3.269,1902.0,73.5,94.5,73.0,175.0,18.3,8.0,8.25
596,1005.0,29.0,24.5,3.557,14.107,3.888,1627.0,80.5,104.0,79.0,186.8,21.5,8.0,9.0
597,1064.0,31.0,23.0,3.538,12.119,3.356,1883.0,76.5,97.5,74.5,194.5,21.2,8.0,9.0
598,1248.0,33.5,27.5,3.41,12.113,3.561,1928.0,80.0,99.5,74.5,203.8,25.5,7.25,8.5
599,773.0,29.0,25.0,3.344,12.149,3.076,1962.0,76.0,96.5,72.0,166.0,15.7,8.75,9.5
600,788.0,29.0,23.5,3.445,12.447,3.348,1866.0,76.0,100.5,77.0,174.0,8.1,8.0,8.5
601,1004.0,36.0,26.5,3.327,11.0659999999999,3.411,2042.0,76.0,95.0,73.0,173.8,17.8,7.5,8.75
602,1364.0,28.5,26.0,3.532,12.588,4.099,1693.0,83.5,105.0,79.5,190.9,6.4,8.5,9.0
603,584.0,31.5,25.5,3.565,12.752,3.417,1855.0,83.0,102.5,76.5,169.3,19.6,8.0,9.25
604,1345.0,37.0,30.5,3.333,11.4829999999999,3.585,2014.0,77.0,95.0,73.0,156.9,7.6,7.25,8.25
605,690.0,29.0,23.0,3.466,11.442,3.123,1955.0,77.5,100.5,77.0,195.0,15.1,8.5,9.5
606,463.0,35.0,29.5,3.407,11.357,3.445,2022.0,81.0,101.5,78.5,223.2,24.9,8.0,8.75
607,403.0,37.5,31.5,3.346,10.359,3.473,2127.0,79.0,96.5,71.5,173.2,19.8,7.5,8.75
608,616.0,31.5,24.5,3.388,11.446,3.54699999999999,1934.0,77.25,97.0,72.25,149.0,7.8,8.25,8.5
609,308.0,30.0,24.0,3.554,12.549,3.045,1907.0,82.75,102.0,78.0,203.0,9.1,8.0,9.0
610,712.0,31.0,23.0,3.386,12.648,3.425,1870.0,78.0,99.0,75.5,156.0,6.2,8.5,9.25
611,1349.0,32.5,27.0,3.291,11.95,3.268,1996.0,79.0,102.5,77.5,186.0,18.0,8.5,9.5
612,647.0,33.0,29.5,3.207,11.515,3.43399999999999,2033.0,80.0,99.5,75.0,173.2,17.7,7.5,8.5
613,772.0,28.0,22.0,3.538,13.24,3.381,1766.0,81.5,105.5,79.0,203.0,23.2,8.5,9.5
614,907.0,33.0,26.0,3.39,11.726,2.914,2044.0,77.5,97.5,72.0,176.6,10.5,8.25,9.25
615,1340.0,28.5,24.0,3.592,11.847,3.46199999999999,1858.0,80.0,102.5,78.5,215.3,25.4,8.0,8.75
616,1059.0,24.5,22.5,3.467046660117878,12.247189108910884,3.5052431640624997,1838.0,78.08979743083005,98.71417984189723,75.09419466403162,180.7358201581028,14.97949604743083,8.049381188118812,8.876189296333004
617,1022.0,32.5,25.5,3.584,13.142,3.516,1811.0,81.5,104.5,79.0,226.2,12.5,8.5,8.75
618,918.0,28.0,22.5,3.991,12.828,3.67,1647.0,83.0,105.5,80.75,182.5,6.3,8.5,9.5
619,523.0,28.5,22.5,3.439,12.851,3.472,1808.0,71.5,91.5,69.5,162.0,15.1,7.5,8.75
620,536.0,23.5,18.0,4.062,14.478,3.99,1343.0,83.0,106.0,79.5,272.9,23.3,9.25,8.0
621,528.0,25.5,21.0,3.744,13.447,4.098,1543.0,76.0,99.0,74.0,176.4,11.9,8.0,8.5
622,1142.0,32.5,27.5,3.389,11.7329999999999,3.59,1942.0,80.0,99.5,76.0,185.3,20.9,8.0,9.0
623,1107.0,33.0,26.0,3.411,11.679,4.105,1805.0,77.5,96.0,73.5,176.0,16.2,8.5,9.0
624,1105.0,29.5,26.5,3.489,13.598,3.723,1742.0,84.0,106.5,81.0,211.5,27.5,8.5,9.0
625,1279.0,31.5,26.5,3.355,12.898,3.456,1883.0,79.0,102.5,78.5,227.0,24.7,8.5,9.5
626,1161.0,32.0,33.0,3.424,11.758,3.614,1957.0,70.0,92.5,71.25,152.8,10.8,7.5,8.25
627,254.0,31.0,24.0,3.406,11.615,3.357,1946.0,77.5,97.0,74.0,165.2,9.4,8.5,9.5
628,239.0,36.5,31.5,3.161,12.522,3.222,2049.0,78.0,97.5,72.0,176.0,18.4,8.5,10.0
629,1029.0,34.0,26.0,3.323,11.367,3.273,2027.0,72.0,94.0,70.5,142.0,11.6,8.0,9.0
630,259.0,35.5,26.0,3.425,12.003,3.502,1945.0,75.0,96.5,73.0,170.2,8.9,8.0,9.25
631,1036.0,38.0,29.0,3.2,11.114,3.397,2093.0,78.0,96.0,74.0,172.6,13.6,7.5,8.75
632,1435.0,35.5,30.5,3.321,12.924,3.649,1908.0,78.0,98.5,74.0,172.0,14.7,8.5,8.0
633,1506.0,36.0,29.0,3.481,12.513,3.941,1978.0,73.0,92.0,71.5,168.2,11.7,8.0,9.0
634,269.0,31.829614604462474,21.0,3.795,12.34,4.667,1456.0,72.0,93.5,69.5,138.0,8.9,8.0,8.75
635,1388.0,31.829614604462474,25.860157016683022,3.579,11.876,3.371,1817.0,77.0,102.0,77.5,165.6,12.1,7.5,8.75
636,1373.0,33.5,26.0,3.3,12.728,3.463,1915.0,73.0,91.0,68.5,167.0,12.6,8.25,9.0
637,972.0,29.0,22.0,3.382,12.859,3.855,1732.0,73.0,94.5,70.0,185.6,13.1,8.0,9.0
638,729.0,32.5,26.5,3.462,12.126,3.181,1961.0,82.0,101.0,74.0,203.4,23.4,8.25,9.75
639,1481.0,29.0,22.0,3.712,12.464,3.296,1797.0,81.5,106.0,79.0,214.0,15.3,8.5,10.25
640,492.0,35.5,24.0,3.449,12.079,3.214,1968.0,73.5,92.0,69.0,139.2,6.3,8.0,8.0
641,1115.0,31.0,25.5,3.424,13.722,3.453,1806.0,86.0,105.0,79.75,200.0,14.3,9.0,10.0
642,218.0,36.5,30.0,3.288,12.914,3.428,1963.0,74.5,94.5,72.5,162.2,12.4,7.5,9.0
643,1498.0,31.5,25.5,3.492,12.408,3.325,1899.0,84.5,108.5,80.5,197.0,22.7,9.5,10.5
644,641.0,30.0,23.0,3.388,12.609,3.371,1873.0,81.75,105.0,78.5,204.8,10.8,8.0,9.0
645,1122.0,31.5,29.5,3.355,12.285,3.446,1945.0,81.5,108.5,81.5,195.0,18.8,8.5,10.0
646,838.0,34.5,28.0,3.671,12.105,3.624,1928.0,78.25,98.0,75.0,175.2,5.5,8.0,9.5
647,978.0,29.0,24.5,3.334,12.051,3.27,1933.0,75.0,95.0,71.0,164.0,16.8,8.0,8.876189296333004
648,1286.0,33.5,27.0,2.95,10.719,3.30899999999999,2162.0,76.0,96.5,72.5,158.7,16.2,7.5,8.25
649,378.0,32.5,25.5,3.368,12.645,3.49399999999999,1894.0,80.5,101.5,76.0,200.5,17.8,7.5,8.25
650,300.0,36.0,30.5,3.296,12.316,3.644,1953.0,77.0,97.5,73.0,164.0,13.9,8.5,9.25
651,870.0,31.829614604462474,25.860157016683022,3.338,12.2209999999999,3.636,1778.0,85.5,106.5,82.0,232.1,27.1,8.25,9.5
652,1223.0,34.0,25.0,3.388,11.3129999999999,3.463,1983.0,77.0,100.5,76.5,185.6,8.7,8.0,9.0
653,1120.0,28.5,25.0,3.467046660117878,12.247189108910884,3.5052431640624997,1980.0,78.08979743083005,98.71417984189723,75.09419466403162,180.7358201581028,14.97949604743083,8.049381188118812,8.876189296333004
654,1346.0,30.5,26.0,3.2125,12.807,6.75899999999999,2095.0,70.0,90.0,69.5,151.2,13.9,7.75,8.5
655,1503.0,32.0,24.5,3.307,11.691,3.219,1992.0,79.0,101.5,75.0,167.0,16.2,8.5,9.0
656,667.0,39.5,27.0,3.467046660117878,11.981,3.314,2032.0,78.0,98.5,74.0,163.8,8.4,8.0,8.5
657,663.0,35.0,28.0,3.339,12.372,3.542,1944.0,80.0,101.5,75.25,174.0,8.7,8.0,8.0
658,938.0,32.0,25.0,3.401,12.366,4.105,1702.0,83.5,104.5,78.25,202.0,26.7,8.75,9.0
659,704.0,33.5,26.5,3.265,11.671,3.506,1981.0,77.0,95.0,72.5,170.2,18.5,7.25,8.0
660,467.0,29.5,24.0,3.424,12.247189108910884,3.404,1925.0,80.0,100.5,76.0,177.8,7.8,8.25,9.0
661,325.0,28.5,24.5,3.398,12.876,3.445,1838.0,77.5,99.0,74.5,161.0,11.3,8.25,9.25
662,1118.0,31.5,24.5,3.504,11.746,4.051,1773.0,79.0,100.0,77.0,180.4,15.6,8.0,9.5
663,592.0,26.0,25.0,3.327,12.475,3.512,1848.0,88.0,110.0,82.5,225.8,25.6,9.0,9.75
664,412.0,34.0,29.0,3.386,12.882,3.49899999999999,1937.0,79.0,101.5,75.5,184.6,8.7,8.5,8.5
665,652.0,26.0,21.0,3.871,13.032,3.392,1658.0,87.5,109.5,81.0,244.0,29.9,9.5,10.5
666,1451.0,32.0,26.5,3.199,11.383,3.415,2014.0,77.5,97.0,74.0,172.3,16.1,7.25,8.0
667,424.0,31.0,26.5,3.581,13.191,3.495,1809.0,74.0,95.0,73.0,197.4,11.9,8.0,8.25
668,626.0,33.5,26.0,3.572,12.622,3.405,1882.0,72.25,93.0,71.0,164.5,8.2,7.5,9.0
669,1052.0,31.0,27.0,3.443,12.377,3.516,1886.0,78.5,103.0,78.5,171.0,8.7,8.0,9.25
670,1020.0,30.0,26.5,4.091,12.965,3.742,1648.0,83.25,105.5,78.5,219.0,14.8,8.75,9.75
671,1494.0,31.5,28.0,3.433,11.499,3.222,2001.0,82.0,104.5,79.0,193.0,11.0,9.0,9.5
672,240.0,26.5,22.0,3.637,11.055,2.961,1935.0,78.0,98.0,74.5,190.0,13.7,8.5,9.75
673,272.0,32.5,27.0,3.148,12.674,3.23,1990.0,82.0,101.5,75.5,174.0,18.9,9.0,9.0
674,688.0,31.829614604462474,29.0,3.352,13.165,3.597,1812.0,78.0,100.0,75.0,191.0,20.0,7.25,8.75
675,741.0,32.5,26.0,3.382,11.661,3.426,1965.0,76.0,97.0,72.75,173.8,7.8,8.25,8.75
676,360.0,31.5,23.5,3.467046660117878,12.247189108910884,3.5052431640624997,2010.0,78.08979743083005,98.71417984189723,75.09419466403162,180.7358201581028,14.97949604743083,8.049381188118812,8.876189296333004
677,247.0,26.0,23.0,3.424,13.2809999999999,3.606,1746.0,81.5,106.0,81.25,235.0,15.3,8.0,9.0
678,611.0,34.5,27.5,3.192,11.948,3.119,2060.0,80.5,103.5,79.0,162.0,13.1,8.0,9.0
679,1099.0,26.5,21.5,3.459,13.472,3.23,1768.0,78.5,100.5,75.5,216.0,13.3,8.0,9.25
680,971.0,34.0,30.0,3.375,12.922,3.322,1948.0,83.0,104.0,77.0,237.0,29.4,9.0,9.75
681,873.0,33.0,27.0,3.283,12.41,3.368,1959.0,78.0,96.5,78.5,162.0,17.8,7.25,8.0
682,650.0,31.0,25.5,3.467046660117878,12.247189108910884,3.5052431640624997,2040.0,78.08979743083005,98.71417984189723,75.09419466403162,180.7358201581028,14.97949604743083,8.049381188118812,8.876189296333004
683,995.0,33.0,23.5,3.554,12.809,3.441,1845.0,83.5,102.0,76.0,195.6,10.9,8.75,9.5
684,363.0,35.0,38.0,3.447,11.613,3.425,2048.0,77.5,97.5,73.75,163.0,16.4,8.5,8.5
685,1320.0,31.829614604462474,25.860157016683022,3.575,12.197,3.708,1677.0,81.5,102.5,77.0,167.0,17.3,8.0,9.25
686,538.0,32.5,26.5,3.468,13.308,3.213,1883.0,79.0,100.0,75.0,181.0,8.5,8.0,8.25
687,245.0,29.0,24.5,3.461,12.5159999999999,3.799,1778.0,84.5,108.0,82.5,194.6,19.7,8.0,9.25
688,1042.0,33.5,27.5,3.376,12.069,3.457,1957.0,74.0,97.0,73.25,168.4,6.6,7.5,8.0
689,783.0,31.5,25.860157016683022,3.376,12.574,3.541,1841.0,75.5,97.5,75.25,146.2,6.0,8.0,8.5
690,1428.0,27.0,21.5,3.326,13.281,3.552,1758.0,77.25,99.0,76.0,156.8,6.6,8.25,9.25
691,953.0,32.5,23.0,3.425,12.52,3.84899999999999,1789.0,67.5,84.0,64.5,150.6,9.6,7.0,8.0
692,949.0,32.5,25.0,3.489,12.266,3.164,1939.0,76.0,96.5,73.0,186.0,17.8,8.0,9.0
693,587.0,30.5,25.0,3.523,12.073,3.162,1928.0,81.0,106.5,79.0,172.0,16.1,9.0,9.5
694,606.0,35.0,29.5,3.335,11.522,2.957,2102.0,79.5,99.5,74.5,163.4,7.6,8.5,9.25
695,642.0,34.5,26.5,3.366,11.747,3.41899999999999,1984.0,78.5,99.0,74.5,162.9,6.3,7.5,8.25
696,976.0,35.0,28.5,3.467046660117878,12.247189108910884,3.5052431640624997,2178.0,78.08979743083005,98.71417984189723,75.09419466403162,180.7358201581028,14.97949604743083,8.049381188118812,8.876189296333004
697,354.0,31.5,26.0,3.5,12.06,3.341,1924.0,82.0,100.5,76.5,173.2,12.3,8.0,9.25
698,547.0,29.5,23.5,3.496,12.704,3.419,1832.0,82.0,104.0,77.0,216.0,9.0,9.0,9.5
699,608.0,31.0,23.5,3.358,11.96,3.251,1944.0,73.0,94.5,72.0,160.0,6.2,8.25,8.75
700,984.0,37.5,27.5,3.386,12.247189108910884,3.76899999999999,1939.0,82.5,102.0,76.25,183.8,8.2,8.5,9.5
701,1487.0,31.0,25.0,3.351,11.64,3.384,1958.0,83.0,105.0,79.0,188.4,19.2,8.5,9.75
702,1471.0,30.0,24.5,3.376,12.8009999999999,3.601,1834.0,72.5,95.0,73.5,177.6,10.5,7.5,8.5
703,1308.0,36.5,31.5,3.369,12.247189108910884,3.393,2068.0,81.5,103.0,79.5,194.7,20.0,7.5,8.25
704,775.0,32.0,23.0,3.363,12.182,3.773,1835.0,79.5,101.0,76.0,182.3,19.8,7.0,8.0
705,1030.0,37.5,33.0,3.344,11.449,3.26,2085.0,75.75,97.5,74.5,165.3,6.8,7.5,7.5
706,1031.0,37.0,32.5,3.389,11.817,3.553,2000.0,77.0,95.0,72.5,157.5,12.6,8.0,9.0
707,1272.0,31.5,25.5,3.428,12.279,3.91,1794.0,83.5,105.5,76.5,213.0,24.3,9.0,10.0
708,597.0,27.5,23.0,3.966,13.358,3.779,1593.0,80.5,105.5,81.5,205.9,10.9,8.5,9.0
709,1378.0,42.0,36.5,3.553,12.701,3.528,1974.0,72.5,79.0,71.5,178.9,12.4,7.5,7.0
710,379.0,35.5,29.0,3.269,10.777,2.963,2165.0,74.0,94.0,71.5,166.0,10.2,8.25,9.5
711,470.0,39.0,30.5,3.247,11.537,3.394,2135.0,75.5,97.5,75.5,172.0,7.0,8.0,8.5
712,981.0,29.0,27.5,3.469,12.152,3.506,1929.0,84.0,105.0,83.0,196.0,10.3,8.25,8.75
713,645.0,32.5,26.0,3.333,12.116,3.65,1903.0,73.5,92.5,71.5,179.0,21.5,8.0,9.0
714,233.0,32.0,25.0,3.357,11.677,3.009,2022.0,77.5,97.0,75.5,186.6,6.6,7.5,8.0
715,914.0,30.5,27.5,3.43,12.919,3.353,1890.0,80.5,103.0,79.0,168.1,4.0,8.0,8.5
716,1377.0,30.0,24.0,3.491,12.219,3.498,1857.0,72.5,92.5,70.0,134.6,6.2,8.0,8.25
717,573.0,35.5,30.5,3.223,12.666,3.67,1938.0,80.0,100.5,77.5,190.5,14.9,8.0,9.0
718,958.0,33.5,24.5,3.55,11.855,3.536,1896.0,84.0,106.0,79.0,196.5,21.9,8.5,9.75
719,1063.0,40.5,31.0,3.162,11.898,3.47,2070.0,76.0,94.0,71.5,171.1,16.5,7.0,8.5
720,1271.0,28.0,24.0,3.625,12.235,3.304,1846.0,75.5,98.5,75.0,150.0,12.5,8.75,9.5
721,495.0,31.829614604462474,25.860157016683022,3.324,11.885,3.22899999999999,1938.0,78.08979743083005,98.71417984189723,75.09419466403162,180.7358201581028,14.97949604743083,8.049381188118812,8.876189296333004
722,306.0,37.0,29.5,3.467046660117878,12.069,3.526,2073.0,80.5,101.0,75.5,185.9,8.0,8.25,9.5
723,673.0,31.5,25.0,3.576,12.997,3.42,1827.0,73.5,92.5,70.5,134.0,8.6,8.0,9.0
724,808.0,28.0,21.5,3.647,12.364,3.285,1805.0,77.0,100.0,75.0,196.0,14.3,8.25,9.0
725,1263.0,32.0,24.5,3.485,12.258,3.699,1839.0,78.0,100.0,77.5,185.1,17.3,8.0,8.75
726,314.0,34.0,27.0,3.249,12.109,3.034,2046.0,72.5,95.5,73.5,168.4,6.9,8.5,9.0
727,1066.0,30.0,22.0,3.488,13.335,3.555,1754.0,68.0,87.5,67.0,129.0,7.3,7.0,8.0
728,839.0,29.5,25.5,3.256,11.767,3.521,1935.0,74.5,95.5,73.5,157.0,7.0,8.0,8.0
729,253.0,24.5,20.5,3.601,12.675,4.141,1578.0,80.0,103.0,79.0,200.3,26.3,7.5,8.5
730,1049.0,35.0,28.0,3.261,11.585,3.25,2053.0,75.0,96.0,74.0,158.0,12.3,8.25,9.25
731,294.0,32.5,26.5,3.562,12.689,3.558,1848.0,77.0,96.5,71.5,172.6,15.7,8.0,8.5
732,376.0,31.0,24.5,3.447,11.0279999999999,3.37,1979.0,79.0,100.5,78.0,198.2,19.9,8.5,9.75
733,327.0,38.0,27.5,3.278,12.157,3.537,1978.0,80.5,99.5,77.5,245.8,29.2,8.0,9.5
734,358.0,34.0,27.5,3.355,11.366,3.478,2002.0,81.5,101.5,77.5,196.0,8.5,9.0,9.5
735,372.0,33.5,28.0,3.547,12.367,3.507,1895.0,74.5,96.0,73.0,162.0,21.1,8.0,8.75
736,1421.0,29.5,23.5,3.459,12.397,3.779,1782.0,76.5,100.0,75.5,214.0,25.2,8.25,9.75
737,1513.0,31.5,25.0,3.223,11.68,3.291,1997.0,77.0,99.0,75.5,190.5,18.7,8.0,8.5
738,684.0,28.5,21.0,3.359,12.813,3.355,1829.0,82.0,107.0,82.0,217.2,23.1,8.5,8.75
739,518.0,31.5,26.5,3.262,11.234,3.555,1984.0,77.0,96.5,74.0,166.8,15.9,7.5,8.75
740,921.0,30.5,27.0,3.295,11.684,3.531,1950.0,76.0,96.0,70.5,153.4,15.3,8.0,9.0
741,1212.0,27.5,22.5,3.421,12.782,3.852,1723.0,70.5,92.5,72.0,166.0,17.3,7.0,8.0
742,747.0,28.5,27.5,3.444,12.211,3.226,1929.0,75.5,98.5,74.0,175.0,8.5,8.25,9.25
743,322.0,34.0,28.5,3.576,11.13,3.514,1977.0,81.0,102.0,78.25,189.6,18.8,8.0,8.75
744,1393.0,31.5,24.0,3.554,12.294,6.094,1558.0,81.5,105.0,78.5,205.0,26.0,8.25,9.5
745,293.0,39.5,32.5,3.171,11.778,3.023,2148.0,76.5,96.5,73.5,166.0,6.6,8.5,9.25
746,1192.0,26.5,19.0,3.596,12.501,3.565,1725.0,78.25,103.0,78.0,214.8,12.4,7.5,8.5
747,1287.0,33.5,30.5,3.33,12.993,4.129,1775.0,82.0,101.0,75.0,208.3,23.8,7.0,8.25
748,1309.0,38.5,31.0,3.041,12.04,3.365,2095.0,78.08979743083005,98.71417984189723,75.09419466403162,180.7358201581028,14.97949604743083,8.049381188118812,8.876189296333004
749,912.0,31.0,23.5,3.545,12.658,3.746,1775.0,80.5,100.0,76.0,185.0,17.8,8.5,8.75
750,996.0,31.829614604462474,28.5,3.411,11.657,3.719,1871.0,71.0,89.5,69.0,171.0,17.3,8.0,9.0
751,941.0,32.0,27.5,3.461,11.779,3.375,1959.0,78.0,96.5,72.5,193.8,21.0,7.0,8.5
752,674.0,27.0,22.5,3.773,13.129,3.955,1599.0,86.5,107.5,80.0,213.0,12.0,9.5,10.0
753,1096.0,31.0,25.0,3.406,12.547,3.41,1886.0,75.0,97.0,73.5,151.0,13.9,8.25,8.5
754,1312.0,34.0,24.0,3.601,12.841,3.427,1847.0,81.0,102.5,78.5,179.0,6.6,8.0,8.0
755,350.0,36.5,28.0,3.512,12.694,3.007,1984.0,76.5,96.0,72.5,186.0,8.5,8.5,9.0
756,450.0,34.0,27.0,3.412,12.002,3.495,1948.0,77.75,96.0,73.0,168.0,6.9,7.5,9.0
757,338.0,33.0,29.0,3.267,11.397,3.792,1949.0,75.0,94.5,72.5,177.5,14.8,8.0,8.75
758,1266.0,34.0,23.0,3.376,11.565,3.286,1983.0,77.25,100.0,75.5,169.4,7.0,8.0,8.5
759,766.0,33.5,31.5,3.286,11.967,3.531,1987.0,76.0,96.5,73.0,159.0,16.5,8.0,8.75
760,395.0,35.0,26.0,3.354,12.658,3.401,1930.0,84.0,104.5,79.5,186.2,6.1,8.5,9.5
761,1313.0,35.5,29.0,3.319,12.099,3.398,1997.0,78.0,99.0,75.0,153.0,15.0,8.0,8.5
762,1432.0,32.5,31.0,3.023,12.171,3.739,1980.0,77.25,95.0,72.75,158.75,6.9,8.25,9.0
763,347.0,39.5,31.5,2.966,12.214,3.328,2121.0,71.5,92.0,70.0,160.9,13.0,7.75,8.5
764,967.0,29.5,20.5,3.617,12.427,3.698,1738.0,76.0,96.0,72.0,155.5,10.1,8.0,10.25
765,977.0,28.5,23.5,3.456,12.482,3.515,1834.0,85.0,104.5,77.5,209.3,23.8,8.25,9.5
766,291.0,30.0,21.5,3.826,12.306,3.767,1695.0,75.0,93.0,72.0,169.0,16.7,8.0,9.5
767,628.0,28.5,26.0,3.355,11.7,3.443,1931.0,77.0,99.0,76.0,188.7,18.0,7.25,8.25
768,1467.0,31.0,27.5,3.4,12.449,3.349,1922.0,84.5,105.0,79.0,217.0,27.9,9.5,10.5
769,483.0,41.5,32.0,3.513,12.117,3.756,1936.0,71.5,90.0,67.75,148.4,9.3,7.0,8.0
770,1415.0,30.5,23.5,3.458,12.053,3.61,1857.0,77.0,97.25,74.0,186.0,16.2,8.0,8.5
771,468.0,28.0,21.0,3.573,12.6,3.714,1725.0,72.5,92.0,70.0,148.0,14.4,7.5,8.0
772,583.0,31.5,22.5,3.467046660117878,12.247189108910884,3.5052431640624997,1980.0,78.08979743083005,98.71417984189723,75.09419466403162,180.7358201581028,14.97949604743083,8.049381188118812,8.876189296333004
773,457.0,37.0,26.5,3.342,12.578,3.501,1936.0,80.5,101.5,78.0,160.1,11.9,8.0,9.5
774,1178.0,31.0,25.0,3.396,11.4709999999999,3.444,1950.0,77.5,96.5,72.0,147.7,16.9,7.25,8.0
775,430.0,31.829614604462474,28.0,3.299,11.706,3.244,2017.0,78.0,98.0,74.0,161.5,18.6,8.0,9.0
776,353.0,28.0,21.0,3.615,12.468,3.396,1788.0,74.5,96.5,74.0,175.0,16.7,8.0,8.0
777,644.0,29.5,22.0,3.469,12.728,3.427,1816.0,78.0,101.5,74.5,183.0,25.1,8.25,8.5
778,1041.0,36.5,31.0,3.411,11.793,3.436,2010.0,85.0,106.5,79.0,184.9,6.8,9.0,10.0
779,1095.0,32.0,25.5,3.635,11.604,3.475,1902.0,81.5,100.5,77.5,231.3,28.7,8.0,9.5
780,1289.0,32.0,27.0,3.31,11.392,3.64399999999999,1956.0,78.08979743083005,98.71417984189723,75.09419466403162,180.7358201581028,14.97949604743083,8.049381188118812,8.876189296333004
781,382.0,21.0,18.0,3.512,12.909,3.922,1570.0,79.75,103.0,77.0,200.2,13.2,8.0,8.75
782,335.0,27.5,21.5,3.715,13.355,3.413,1697.0,81.0,103.5,76.5,217.0,14.7,8.25,9.0
783,434.0,32.5,26.0,3.174,12.016,3.117,2033.0,80.0,102.5,78.0,187.0,19.2,8.75,9.75
784,577.0,35.5,28.5,3.258,11.545,3.395,2038.0,79.0,99.5,75.5,177.0,16.7,8.25,8.75
785,561.0,37.5,29.0,3.359,11.844,3.5,1999.0,75.0,94.0,70.5,160.8,14.9,8.0,9.0
786,1333.0,29.0,24.5,3.688,12.648,3.631,1808.0,81.0,102.0,78.75,182.4,5.7,8.25,7.5
787,396.0,30.5,23.0,3.574,12.971,3.461,1799.0,76.5,99.0,75.0,179.0,9.3,8.5,9.0
788,1112.0,34.0,28.0,4.332,12.309,3.509,1741.0,74.0,95.0,73.0,184.9,12.5,8.0,8.5
789,636.0,32.5,26.5,3.467,12.302,3.418,1916.0,76.0,96.0,75.0,177.5,16.3,8.0,9.25
790,1206.0,33.5,30.0,3.37,12.261,3.952,1852.0,83.5,102.5,78.0,189.2,19.6,8.0,9.25
791,1299.0,22.0,19.5,3.792,13.3,3.655,1593.0,80.0,101.5,75.5,256.8,30.7,8.0,8.75
792,439.0,29.0,22.5,3.795,12.208,3.18,1814.0,77.5,101.0,76.5,168.0,6.7,8.75,9.5
793,355.0,34.5,26.5,3.406,10.699,2.996,2114.0,77.0,99.5,75.0,163.0,6.2,8.0,9.5
794,1160.0,31.5,25.0,3.61,12.733,3.377,1843.0,79.5,103.0,77.0,244.8,16.1,8.5,9.0
795,897.0,33.5,24.5,3.267,11.847,3.431,1968.0,78.5,96.5,72.75,157.5,11.7,8.0,8.0
796,654.0,29.5,22.5,3.464,11.627,2.977,1965.0,74.0,97.0,75.0,162.0,8.3,8.25,9.0
797,725.0,35.0,33.5,3.275,12.2779999999999,3.736,1950.0,75.0,95.0,71.0,160.4,14.9,8.0,9.25
798,512.0,30.5,23.0,3.419,12.477,3.204,1902.0,75.5,99.0,76.0,158.0,9.6,7.75,8.75
799,1358.0,31.5,24.5,3.541,13.591,3.864,1691.0,80.5,102.0,76.0,202.0,20.6,8.5,10.0
800,1366.0,36.5,26.5,3.106,11.8,3.052,2099.0,81.5,103.0,76.5,207.0,8.8,9.0,9.0
801,798.0,28.5,25.860157016683022,3.638,12.395,3.635,1738.0,76.0,93.5,71.0,215.8,30.1,7.5,8.5
802,549.0,33.0,27.5,3.698,12.337,3.434,1877.0,78.25,100.0,77.0,198.0,7.8,8.0,9.0
803,1081.0,26.5,23.0,3.811,13.226,3.713,1649.0,83.0,103.25,78.0,230.0,27.0,8.5,9.75
804,802.0,30.0,26.5,3.352,12.701,3.802,1812.0,78.0,96.5,72.5,170.0,11.4,8.0,8.0
805,481.0,32.0,25.5,3.384,13.687,3.286,1848.0,76.5,95.0,72.5,165.0,16.3,8.25,8.75
806,229.0,30.5,25.5,3.456,12.747,3.603,1833.0,80.25,100.5,76.75,168.0,16.0,8.0,9.5
807,312.0,26.5,20.0,3.698,12.099,3.594,1734.0,77.5,99.0,75.0,175.3,8.3,8.0,8.5
808,935.0,31.5,28.0,4.03,11.561,3.335,1851.0,73.0,91.5,68.0,146.3,14.0,7.5,8.5
809,1124.0,29.5,23.5,3.871,12.642,3.435,1759.0,79.75,105.0,80.0,202.6,12.3,8.0,8.5
810,1101.0,31.0,28.0,3.309,11.085,3.531,1999.0,78.0,98.5,75.0,180.3,19.8,7.25,8.0
811,774.0,35.5,28.0,3.275,12.536,3.529,1948.0,76.0,96.0,72.0,137.0,11.8,8.25,9.0
812,1131.0,34.5,25.5,3.431,11.872,3.763,1883.0,73.5,94.0,70.5,138.8,6.0,7.25,8.25
813,1231.0,31.829614604462474,25.5,3.5,12.085,3.45,1859.0,77.0,99.0,75.0,188.1,19.3,7.0,8.25
814,1201.0,36.0,29.0,3.3,11.958,3.159,2050.0,75.5,99.5,77.0,203.2,20.3,8.0,8.5
815,1119.0,32.0,28.0,3.545,12.334,3.573,1878.0,74.75,94.5,71.75,174.8,14.4,8.0,8.25
816,216.0,33.5,24.0,3.233,12.813,3.473,1906.0,79.0,100.5,77.5,190.2,19.9,9.0,10.0
817,540.0,30.5,26.5,3.467046660117878,12.247189108910884,3.5052431640624997,2050.0,78.08979743083005,98.71417984189723,75.09419466403162,180.7358201581028,14.97949604743083,8.049381188118812,8.876189296333004
818,427.0,40.0,25.5,3.367,11.4709999999999,3.585,1993.0,76.5,95.0,72.0,147.5,13.3,7.5,8.25
819,1060.0,26.5,20.5,3.567,12.917,3.733,1678.0,82.5,107.5,82.5,193.0,6.5,9.0,9.5
820,585.0,32.0,23.5,3.589,13.894,4.008,1624.0,78.75,98.0,73.0,161.0,20.0,8.0,9.0
821,1318.0,29.5,36.5,3.588,11.751,3.493,1949.0,73.75,94.0,70.5,134.6,6.0,8.0,9.0
822,365.0,21.5,20.5,3.974,13.54,3.571,1547.0,87.5,109.0,82.5,179.2,24.4,8.0,9.5
823,213.0,38.5,30.5,3.295,12.259,3.377,2022.0,81.0,98.0,76.25,204.0,11.6,9.0,10.5
824,1489.0,31.5,27.5,3.439,14.101,3.871,1694.0,78.5,101.0,75.5,230.0,26.9,8.5,9.25
825,856.0,32.0,26.0,3.329,12.024,3.413,1947.0,76.5,97.0,72.0,180.0,20.0,8.0,9.0
826,1070.0,34.5,29.0,3.177,12.13,3.323,2030.0,74.5,96.5,71.0,155.0,13.2,8.0,9.0
827,831.0,28.0,21.0,3.431,12.832,3.741,1732.0,74.5,95.5,71.75,138.6,6.7,8.0,8.5
828,530.0,36.0,29.0,3.407,11.5759999999999,3.5,2000.0,81.0,100.5,75.5,191.9,24.3,8.5,9.75
829,225.0,37.0,31.0,3.276,12.474,3.51,1983.0,74.0,94.0,71.5,207.2,16.7,7.5,8.5
830,545.0,36.5,30.5,3.35,11.907,3.516,1993.0,79.5,100.0,74.0,165.0,8.25,8.75,9.25
831,1423.0,32.0,24.5,3.54,12.684,3.528,1840.0,74.0,93.0,73.0,146.1,4.0,7.75,8.75
832,884.0,32.0,23.5,3.595,13.235,3.515,1783.0,76.0,99.0,76.0,187.2,12.6,9.0,10.0
833,593.0,32.5,27.5,3.393,11.754,3.158,2009.0,79.5,101.0,75.0,190.0,18.7,8.75,9.25
834,1306.0,28.5,25.5,3.47,13.329,3.85,1718.0,80.0,98.0,74.0,180.3,21.3,7.5,8.25
835,1334.0,26.5,20.5,3.516,12.591,3.305,1791.0,71.5,92.0,69.5,153.0,15.5,8.75,9.0
836,600.0,27.0,21.5,3.484,12.074,3.468,1813.0,73.0,93.5,71.5,189.0,21.9,8.0,9.25
837,230.0,42.0,36.5,3.15,12.132,3.103,2154.0,73.0,93.5,71.5,163.0,12.3,7.5,8.75
838,932.0,34.0,27.0,3.682,12.247,3.468,1876.0,79.0,100.5,75.5,174.0,6.7,8.5,9.5
839,1379.0,29.5,24.0,3.62,11.751,3.616,1836.0,75.0,98.5,74.75,181.0,16.1,8.0,8.5
840,1509.0,33.5,27.5,3.43,12.587,4.067,1774.0,80.0,99.0,74.0,207.0,15.5,8.25,9.0
841,621.0,32.0,25.5,3.313,12.157,3.651,1896.0,79.0,98.0,74.0,171.1,14.5,7.5,8.25
842,332.0,32.5,26.0,3.33,12.519,3.224,1953.0,76.0,99.0,75.5,188.0,8.2,8.25,9.0
843,1352.0,31.0,27.0,3.531,12.772,3.658,1815.0,76.0,94.5,71.5,178.8,6.1,8.0,8.25
844,1396.0,31.5,24.0,3.366,12.139,3.213,1947.0,72.5,95.5,71.5,166.0,21.4,7.75,9.25
845,362.0,34.0,29.0,3.425,12.11,3.07899999999999,2024.0,77.5,99.0,76.5,175.0,12.3,8.0,9.5
846,1104.0,28.5,23.0,3.424,13.106,3.631,1819.0,87.5,105.0,77.5,251.4,30.6,9.0,9.5
847,761.0,31.5,24.5,3.333,11.724,3.202,1987.0,72.75,94.5,73.0,162.0,8.3,7.25,8.0
848,908.0,33.0,28.5,3.272,11.89,3.668,1946.0,81.0,100.5,77.5,195.5,18.9,8.5,9.0
849,485.0,28.0,22.0,3.562,12.532,3.504,1789.0,73.0,92.0,71.0,153.2,12.1,8.0,9.0
850,1344.0,28.5,26.5,3.258,11.625,3.535,1941.0,81.0,101.0,76.0,201.4,23.2,8.0,9.25
851,1166.0,39.0,28.5,3.34,13.603,3.746,1844.0,77.5,99.0,74.5,172.4,19.5,8.5,9.0
852,504.0,32.5,24.0,3.268,12.953,3.247,1921.0,82.0,103.5,77.0,206.0,15.9,9.0,10.5
853,201.0,30.5,22.5,3.399,11.13,3.338,1963.0,73.5,94.5,72.5,156.1,17.2,7.5,8.25
854,1477.0,35.5,24.5,3.161,13.183,3.67,1875.0,78.5,99.5,75.0,189.5,18.1,8.5,9.5
855,695.0,32.0,23.5,3.505,12.367,3.627,1837.0,79.5,102.0,77.5,202.5,24.2,8.5,9.25
856,924.0,33.0,30.0,3.427,13.522,3.141,1924.0,81.0,103.5,79.5,170.9,17.7,7.0,8.25
857,415.0,33.5,26.5,3.46,12.183,3.513,1910.0,79.5,99.5,74.5,204.0,25.0,8.0,8.5
858,236.0,32.0,26.0,3.382,12.4279999999999,3.811,1915.0,70.5,87.0,64.5,126.4,12.8,7.0,7.75
859,1009.0,30.5,22.5,3.714,12.818,3.395,1787.0,80.5,105.5,81.5,230.1,16.7,8.5,9.5
860,1062.0,29.5,23.5,3.747,11.894,3.724,1841.0,76.5,98.0,75.5,164.6,4.0,8.0,9.0
861,289.0,32.0,26.0,3.51,12.455,3.686,1837.0,77.0,97.5,72.5,193.2,23.2,8.0,9.0
862,1197.0,31.0,24.0,3.278,11.6759999999999,3.5052431640624997,1991.0,74.25,95.5,73.0,161.0,14.2,8.0,9.25
863,1208.0,26.0,23.5,3.28,11.415,3.014,1988.0,73.0,96.0,71.5,146.0,10.1,8.5,9.75
864,257.0,27.0,22.5,3.388,13.343,3.778,1708.0,79.5,104.5,79.25,218.0,14.1,8.5,8.5
865,1191.0,37.0,31.5,2.996,12.397,3.734,2003.0,71.5,88.5,69.0,159.4,15.7,7.25,7.5
866,913.0,29.5,23.5,3.349,11.949,3.019,1974.0,74.0,95.5,72.0,149.0,15.5,8.0,9.0
867,743.0,39.0,28.0,3.558,11.142,3.142,2068.0,77.5,99.5,74.75,154.7,4.0,8.25,9.0
868,755.0,30.5,23.5,3.403,11.839,3.607,1880.0,75.5,95.0,71.75,157.6,13.3,8.5,8.5
869,543.0,36.5,28.0,3.034,11.03,3.34,2135.0,78.5,97.5,73.5,155.6,10.3,7.0,8.25
870,835.0,34.0,26.5,3.274,12.292,3.261,1989.0,76.0,96.0,71.5,175.0,22.1,8.5,10.0
871,390.0,40.0,34.5,3.082,13.8509999999999,3.138,2038.0,74.0,93.0,71.5,158.1,12.8,7.25,8.25
872,1026.0,30.5,27.0,3.732,11.499,3.53,1877.0,79.0,100.0,76.5,160.0,13.5,8.0,9.0
873,438.0,31.5,24.5,3.513,12.759,3.789,1776.0,74.5,96.5,73.5,176.8,7.7,7.5,8.5
874,1298.0,31.5,26.5,3.378,11.935,3.401,1950.0,80.0,100.0,75.0,188.5,22.3,7.5,8.5
875,555.0,34.5,27.0,3.626,12.327,3.489,1935.0,81.0,100.5,76.0,196.0,21.1,8.0,9.25
876,1077.0,35.0,29.5,3.403,12.3909999999999,3.431,1964.0,79.0,96.5,74.0,166.8,17.5,8.5,8.5
877,1450.0,35.5,28.0,3.217,12.293,3.51,1979.0,75.0,95.5,71.0,183.0,21.9,8.25,9.25
878,546.0,32.5,26.5,3.386,11.5629999999999,3.407,1977.0,74.5,94.5,73.5,174.2,7.0,8.0,8.5
879,1146.0,33.5,28.5,3.467046660117878,12.247189108910884,3.5052431640624997,2150.0,78.08979743083005,98.71417984189723,75.09419466403162,180.7358201581028,14.97949604743083,8.049381188118812,8.876189296333004
880,780.0,32.0,25.0,3.419,11.878,3.346,1947.0,76.0,94.0,71.5,141.6,13.6,8.0,9.0
881,629.0,30.0,23.5,3.728,12.8809999999999,3.356,1795.0,76.5,101.0,77.75,155.4,6.9,8.0,8.0
882,1058.0,33.5,28.5,3.179,12.982,3.833,1862.0,74.0,91.0,69.0,161.0,15.4,8.0,8.0
883,1385.0,33.5,27.5,3.382,12.342,3.67199999999999,1897.0,80.0,101.0,74.5,190.4,11.1,8.25,8.75
884,1080.0,26.0,20.5,3.839,13.48,4.005,1515.0,79.75,103.5,78.0,211.0,23.1,8.0,8.0
885,754.0,33.5,30.5,3.624,13.289,3.696,1805.0,88.5,111.0,82.0,252.0,29.6,9.75,10.75
886,455.0,31.5,23.5,3.679,12.617,3.804,1741.0,79.0,103.0,78.0,190.3,5.5,8.5,9.5
887,867.0,33.0,28.5,3.235,12.708,4.178,1786.0,75.0,95.0,72.5,191.0,13.6,8.0,9.25
888,1013.0,34.5,29.0,3.217,11.7209999999999,3.282,2052.0,79.5,99.5,76.0,206.7,21.5,8.0,8.75
889,1302.0,27.5,21.0,3.499,12.6759999999999,3.51,1773.0,80.0,102.0,77.0,216.0,24.2,8.5,9.5
890,334.0,30.5,24.0,3.424,12.669,4.394,1684.0,83.75,106.0,78.25,217.8,13.2,8.25,8.5
891,885.0,35.5,23.0,3.382,10.7209999999999,3.381,2035.0,76.75,98.5,74.0,159.8,6.3,8.25,8.25
892,449.0,30.0,24.5,3.462,12.865,3.566,1815.0,76.0,97.0,75.0,165.0,15.6,8.25,9.0
893,408.0,27.0,22.5,3.529,13.904,4.045,1565.0,81.0,108.0,82.0,205.0,10.0,9.5,10.0
894,1499.0,32.5,27.5,3.287,11.042,3.31,2051.0,70.5,92.0,70.5,143.0,13.0,7.5,8.0
895,862.0,31.829614604462474,25.860157016683022,3.177,12.409,3.347,1898.0,81.0,102.0,78.0,174.8,14.0,8.0,9.25
896,1315.0,33.5,29.5,3.575,12.898,3.818,1805.0,86.0,105.5,79.0,193.3,22.7,8.25,9.5
897,288.0,26.0,22.5,3.667,12.03,3.634,1760.0,78.0,98.5,76.5,244.5,29.1,8.0,9.0
898,1109.0,34.5,28.5,3.279,11.979,3.497,1986.0,78.0,100.5,74.0,178.0,8.3,8.75,10.25
899,1456.0,30.5,26.5,3.588,11.767,3.724,1932.0,76.75,96.0,74.5,184.4,22.0,8.5,9.0
900,1175.0,30.5,25.5,3.344,11.452,3.534,1941.0,76.0,100.5,76.5,185.0,17.3,8.0,8.75
901,671.0,43.5,31.5,3.521,11.493,3.518,2034.0,71.0,92.5,71.25,138.3,4.0,7.25,8.25
902,795.0,27.5,23.5,3.494,11.474,3.431,1890.0,69.0,88.0,67.0,167.0,22.9,7.0,8.25
903,601.0,28.5,22.5,3.388,12.4729999999999,3.397,1857.0,79.0,101.5,76.5,197.0,7.7,8.0,8.5
904,748.0,27.0,23.0,3.682,13.237,3.45,1735.0,72.25,93.0,70.5,131.0,8.5,8.0,8.0
905,1150.0,32.0,25.0,3.425,11.417,3.513,1944.0,71.0,90.0,68.0,10.3,10.3,7.5,8.25
906,1184.0,25.0,22.5,3.461,12.417,3.966,1687.0,86.0,109.0,82.5,285.0,30.9,9.0,9.0
907,514.0,34.0,28.0,3.386,11.911,3.28899999999999,2000.0,78.08979743083005,98.71417984189723,75.09419466403162,180.7358201581028,14.97949604743083,8.049381188118812,8.876189296333004
908,1140.0,32.0,27.5,3.316,11.487,3.47399999999999,1986.0,77.5,96.5,73.5,178.8,20.9,8.0,9.25
909,1424.0,33.5,25.5,3.382,12.245,3.443,1926.0,79.0,101.5,75.5,181.0,6.4,9.0,10.25
910,1071.0,33.5,25.5,3.428,12.7679999999999,3.916,1786.0,85.25,108.0,80.25,184.2,15.25,8.5,8.5
911,819.0,28.5,25.0,3.802,12.3,3.399,1806.0,84.5,108.5,82.25,239.2,15.2,9.0,10.0
912,1035.0,29.5,24.0,3.388,12.25,3.666,1842.0,76.5,98.5,73.25,150.6,6.1,8.0,8.5
913,796.0,28.5,24.0,3.376,12.618,3.51,1847.0,80.5,102.5,75.5,178.4,6.2,8.5,9.0
914,1407.0,31.5,25.5,3.585,11.979,3.626,1918.0,77.5,98.5,74.5,204.5,23.7,8.0,8.5
915,664.0,30.5,25.5,3.124,12.758,3.359,1941.0,78.5,96.5,73.5,186.25,11.8,8.0,9.25
916,860.0,27.0,22.5,3.817,13.607,3.454,1653.0,81.5,104.5,78.0,266.0,18.8,8.75,10.5
917,519.0,33.0,25.0,3.581,12.045,3.503,1885.0,79.0,100.5,76.5,191.5,16.5,8.0,8.5
918,295.0,36.5,30.5,3.319,12.244,4.218,1830.0,81.0,101.0,77.5,170.6,15.6,7.75,8.5
919,385.0,34.0,26.5,3.587,12.684,3.55,1858.0,82.0,104.0,77.0,183.4,6.8,8.5,9.25
920,1233.0,24.0,20.0,3.871,13.175,3.617,1586.0,82.0,107.5,80.5,217.0,12.3,8.75,10.0
921,762.0,33.5,24.5,3.431,12.268,3.603,1882.0,78.5,99.5,76.0,187.5,19.0,8.0,8.0
922,207.0,33.0,27.0,3.381,12.555,3.331,1935.0,73.0,92.5,68.5,166.0,21.7,8.0,8.5
923,282.0,27.0,21.5,3.654,12.21,3.213,1819.0,77.5,101.0,74.5,187.2,11.6,8.0,9.0
924,882.0,31.5,27.0,3.347,11.268,3.52,1975.0,72.0,92.5,69.5,170.0,12.5,8.0,8.75
925,537.0,31.0,26.0,3.19,12.03,3.302,1986.0,75.5,95.0,72.5,156.7,15.5,7.25,8.0
926,1047.0,28.5,23.5,3.647,12.025,3.489,1823.0,72.0,93.0,71.5,166.4,7.7,7.25,8.75
927,923.0,38.5,29.5,3.378,12.66,3.791,1894.0,80.75,101.0,76.25,166.6,4.0,8.25,9.0
928,998.0,31.5,28.0,3.539,11.789,3.177,1971.0,77.0,95.5,73.5,155.0,18.7,8.0,8.75
929,605.0,31.829614604462474,31.0,3.255,12.321,3.70399999999999,1880.0,77.0,96.0,73.0,175.4,14.1,7.5,8.5
930,844.0,30.0,24.0,3.295,11.827,3.254,1960.0,72.0,92.5,71.5,150.0,11.9,8.0,8.5
931,841.0,27.5,23.0,3.424,12.397,3.413,1848.0,78.0,99.0,75.0,173.4,7.9,8.5,9.75
932,1057.0,32.0,27.5,3.533,12.627,3.521,1864.0,78.0,100.0,75.5,215.0,8.0,8.0,8.5
933,1094.0,33.0,27.5,3.405,12.407,3.007,1997.0,82.5,106.5,79.0,181.0,18.7,8.5,9.0
934,1290.0,28.0,25.5,3.331,11.25,3.062,2016.0,69.0,88.0,67.0,129.0,13.5,7.5,8.0
935,879.0,26.5,23.5,3.577,11.945,3.535,1819.0,82.0,102.0,76.5,191.6,22.3,8.0,9.25
936,682.0,32.0,25.0,3.412,11.609,3.235,1977.0,75.5,98.0,74.5,164.0,7.9,8.25,9.0
937,1341.0,24.5,21.5,3.454,11.69,3.408,1839.0,72.0,91.5,69.5,69.5,10.9,7.0,8.25
938,533.0,34.5,28.0,3.432,13.456,4.073,1728.0,77.5,98.5,74.5,189.4,9.2,8.5,8.5
939,942.0,33.0,29.0,3.403,12.299,3.389,1957.0,74.5,94.5,73.0,168.0,8.8,7.75,7.75
940,404.0,35.0,29.0,3.363,12.379,3.375,1978.0,72.5,91.0,70.0,129.9,13.1,7.0,8.0
941,745.0,37.0,28.0,3.211,11.978,3.113,2069.0,81.5,101.0,76.0,169.6,15.4,8.0,9.25
942,814.0,32.0,25.0,3.565,12.391,3.202,1906.0,78.0,100.0,76.0,207.0,14.2,8.0,8.75
943,834.0,26.0,21.0,3.72,14.684,4.016,1461.0,84.5,107.5,82.0,278.4,31.3,9.0,10.25
944,503.0,31.829614604462474,23.0,3.565,12.504,3.336,1810.0,81.5,102.0,78.5,196.0,11.0,8.5,9.5
945,1015.0,30.5,27.0,3.598,12.957,3.204,1870.0,84.0,109.0,84.5,209.0,12.8,8.75,9.25
946,1370.0,38.5,31.0,3.317,11.5159999999999,3.473,2048.0,81.5,99.5,75.5,182.0,22.8,8.0,8.0
947,901.0,35.0,27.0,3.472,11.944,3.567,1931.0,77.5,96.0,74.0,180.0,10.7,8.5,9.5
948,1217.0,31.829614604462474,31.0,3.194,12.04,3.28899999999999,2014.0,78.0,100.5,78.0,167.8,15.3,7.5,8.75
949,1359.0,41.5,35.0,3.64,13.76,3.64,1854.0,68.5,87.5,67.0,163.6,23.7,7.0,7.75
950,486.0,35.0,27.0,3.265,12.154,3.317,2000.0,79.25,99.0,75.0,204.2,13.6,8.5,8.5
951,429.0,22.0,18.5,3.555,12.841,3.511,1686.0,80.0,103.0,78.0,183.9,16.2,8.0,9.25
952,1000.0,33.5,28.0,3.215,10.898,3.65,2025.0,76.0,96.0,74.5,170.4,15.0,7.5,8.25
953,646.0,32.5,24.5,3.473,13.137,3.607,1808.0,81.0,104.5,79.5,202.0,21.0,8.75,8.75
954,411.0,33.0,26.5,3.487,12.444,3.346,1915.0,79.0,102.5,77.5,176.0,6.8,8.25,9.25
955,758.0,29.5,25.5,3.812,12.055,3.508,1811.0,75.25,95.0,72.5,154.4,11.7,8.25,8.5
956,1025.0,32.0,27.5,3.361,12.428,3.427,1927.0,78.5,102.0,78.0,217.0,23.3,8.5,9.75
957,474.0,35.0,28.5,3.339,11.437,3.307,2044.0,77.0,97.0,74.5,200.9,24.2,7.5,8.5
958,952.0,35.5,30.5,3.183,11.849,3.351,2056.0,78.0,97.0,72.0,161.5,13.7,7.5,8.5
959,1384.0,39.5,31.5,3.328,11.855,3.308,2064.0,81.0,100.5,74.0,174.2,6.2,8.75,9.5
960,951.0,36.0,27.5,3.305,11.816,3.484,1995.0,75.0,94.5,69.0,143.8,12.8,8.0,8.0
961,426.0,28.0,25.5,3.386,12.06,3.322,1918.0,80.5,105.5,81.0,202.2,8.5,8.0,9.0
962,567.0,38.0,30.0,3.342,12.207,3.577,1976.0,75.0,95.0,71.5,159.0,6.4,8.0,9.5
963,588.0,34.5,26.5,3.467046660117878,12.004,3.44,1964.0,72.0,90.5,67.5,147.8,14.4,7.5,8.5
964,1235.0,35.0,30.5,3.376,11.8509999999999,3.569,1981.0,82.0,101.0,76.0,188.2,16.9,8.0,9.5
965,1325.0,32.0,28.0,3.203,12.454,3.109,2014.0,76.5,98.5,75.5,200.0,18.7,8.0,8.5
966,945.0,31.5,22.0,3.59,12.068,3.689,1799.0,80.0,103.5,80.0,206.9,10.9,8.0,9.25
967,214.0,29.0,24.0,3.599,12.359,3.07,1892.0,79.5,99.0,75.0,179.2,16.8,8.25,9.75
968,1510.0,34.0,28.5,3.467046660117878,12.261,3.35399999999999,1976.0,86.0,105.5,78.0,195.8,16.5,8.0,9.25
969,224.0,28.5,23.5,3.66,12.918,3.297,1800.0,77.0,101.5,77.0,165.0,17.1,8.0,9.0
970,1194.0,30.5,27.0,3.509,11.711,3.109,1977.0,74.0,95.5,74.5,158.0,11.6,8.25,8.75
971,731.0,33.5,27.0,6.25,11.548,3.131,2086.0,76.0,94.5,73.5,167.1,14.5,7.5,8.75
972,1165.0,34.0,27.5,3.349,12.102,3.218,2000.0,77.5,102.0,76.5,169.0,12.5,8.25,9.25
973,206.0,35.5,27.0,3.467046660117878,12.247189108910884,3.5052431640624997,2152.0,78.08979743083005,98.71417984189723,75.09419466403162,180.7358201581028,14.97949604743083,8.049381188118812,8.876189296333004
974,717.0,34.0,27.5,3.371,11.999,3.007,2036.0,83.0,105.5,78.0,191.0,8.9,8.75,9.5
975,371.0,31.829614604462474,25.860157016683022,3.476,12.7809999999999,3.646,1677.0,87.0,109.0,80.5,193.9,22.3,9.0,10.25
976,1331.0,34.5,29.5,3.053,11.036,3.094,2167.0,76.5,98.0,74.0,160.0,10.8,8.25,9.25
977,554.0,33.0,29.0,3.072,11.46,3.29399999999999,2090.0,78.08979743083005,98.71417984189723,75.09419466403162,180.7358201581028,14.97949604743083,8.049381188118812,8.876189296333004
978,1207.0,30.5,24.0,3.576,12.103,3.668,1821.0,80.5,102.0,78.0,210.8,20.0,8.0,9.0
979,1256.0,35.0,27.5,3.392,12.032,3.665,1925.0,81.5,101.5,77.0,206.5,22.5,8.75,9.5
980,861.0,29.0,25.5,3.467046660117878,12.247189108910884,3.5052431640624997,2000.0,78.08979743083005,98.71417984189723,75.09419466403162,180.7358201581028,14.97949604743083,8.049381188118812,8.876189296333004
981,1479.0,25.5,22.0,3.388,13.134,4.875,1561.0,72.25,92.5,69.75,153.8,8.3,7.25,7.75
982,1048.0,25.0,19.0,3.505,12.338,3.207,1798.0,73.0,96.0,71.5,147.0,12.9,6.75,7.5
983,406.0,29.5,24.0,3.217,12.285,4.105,1966.0,76.0,98.5,76.5,179.0,19.3,8.5,9.0
984,1097.0,37.5,28.0,3.172,11.413,3.244,2128.0,76.0,97.0,75.5,176.0,13.1,7.75,8.25
985,542.0,31.5,25.5,3.611,11.941,3.827,1803.0,72.5,91.5,70.0,147.8,12.8,7.5,8.5
986,1130.0,36.5,33.0,3.621,12.247189108910884,3.057,2207.0,78.25,100.0,76.0,168.9,4.0,8.5,8.5
987,1317.0,29.5,23.5,3.573,12.658,3.767,1752.0,81.0,105.5,79.0,208.8,10.8,8.0,8.5
988,752.0,31.0,25.0,3.386,11.84,3.661,1887.0,72.5,91.5,68.0,126.0,6.5,7.5,8.0
989,793.0,32.0,28.0,3.255,11.489,3.164,2051.0,77.0,102.0,77.5,189.0,17.9,8.5,9.5
990,241.0,32.0,28.5,3.381,12.023,3.53,1941.0,78.5,99.5,75.0,199.0,20.5,8.0,9.0
991,770.0,30.5,26.5,3.793,13.493,3.686,1704.0,82.0,103.0,78.5,182.0,14.6,7.0,8.0
992,595.0,31.5,24.5,3.382,12.682,3.862,1977.0,81.0,103.5,75.5,172.0,7.8,7.75,8.25
993,1254.0,29.5,22.0,3.626,12.321,3.369,1850.0,79.5,102.0,79.0,183.9,6.8,8.0,8.25
994,569.0,31.0,26.0,4.425,12.125,3.53,1699.0,80.0,102.0,76.75,163.5,6.0,8.25,8.5
995,517.0,40.0,32.0,3.467046660117878,12.247189108910884,3.5052431640624997,2298.0,78.08979743083005,98.71417984189723,75.09419466403162,180.7358201581028,14.97949604743083,8.049381188118812,8.876189296333004
996,529.0,27.5,20.5,3.575,14.564,3.553,1609.0,81.0,104.0,77.5,268.0,30.1,8.5,9.0
997,1390.0,31.0,25.0,3.402,12.326,3.237,1929.0,80.5,106.5,80.0,197.0,16.2,9.0,10.25
998,532.0,36.5,26.5,3.643,13.11,3.47,1848.0,79.75,99.5,77.5,184.7,8.4,8.25,8.25
999,544.0,28.0,22.0,3.411,12.206,3.44199999999999,1849.0,84.0,105.5,80.0,224.2,29.2,8.0,9.25
1000,1383.0,28.0,22.0,3.424,12.492,3.588,1802.0,84.25,104.0,78.75,177.8,7.1,9.0,10.5
1001,742.0,31.5,25.0,3.58,12.382,3.495,1856.0,83.5,104.5,79.0,226.5,14.5,9.0,10.0
1002,256.0,33.5,28.5,3.467046660117878,12.247189108910884,3.5052431640624997,2150.0,78.08979743083005,98.71417984189723,75.09419466403162,180.7358201581028,14.97949604743083,8.049381188118812,8.876189296333004
1003,799.0,32.0,27.0,3.527,12.482,3.431,1948.0,75.0,94.0,71.0,142.8,11.9,7.25,8.0
1004,458.0,30.5,24.5,3.452,12.175,4.073,1744.0,77.5,99.5,75.0,189.8,21.1,8.0,8.5
1005,286.0,29.5,25.5,3.379,12.962,3.39,1862.0,79.0,102.0,77.5,188.0,17.7,8.25,8.5
1006,632.0,34.0,30.0,3.283,11.7679999999999,3.377,2025.0,77.0,96.5,74.5,182.8,21.9,7.0,8.25
1007,1478.0,29.5,22.5,3.383,12.964,3.467,1825.0,77.0,96.5,73.0,199.5,25.3,8.5,9.0
1008,1034.0,32.5,27.0,3.376,11.512,3.223,2017.0,74.0,96.0,73.0,180.2,15.5,7.0,8.25
1009,357.0,33.0,27.5,3.258,11.6779999999999,3.51899999999999,1985.0,80.0,103.0,77.5,209.1,19.8,8.0,9.5
1010,1480.0,27.5,23.0,3.62,12.634,3.689,1735.0,80.5,102.0,77.0,204.0,21.6,8.75,9.75
1011,367.0,38.5,29.5,3.314,11.452,3.281,2077.0,81.75,103.0,79.5,185.8,13.7,8.5,9.5
1012,837.0,36.5,27.0,3.344,11.337,3.812,1940.0,76.0,97.5,74.25,182.8,19.1,8.0,9.0
1013,594.0,30.0,24.0,3.424,12.168,3.729,1828.0,77.5,99.5,75.0,173.0,16.6,8.5,8.5
1014,822.0,27.5,23.0,3.376,12.677,3.671,1791.0,86.0,111.0,84.25,169.0,11.5,8.5,8.5
1015,676.0,35.5,28.5,3.275,11.817,3.368,2025.0,81.0,100.5,77.5,202.2,25.0,8.0,9.5
1016,333.0,37.5,32.0,3.386,11.234,3.66899999999999,2010.0,76.5,95.0,74.5,186.0,9.2,8.0,9.0
1017,1280.0,27.5,25.5,3.337,11.9,3.282,1932.0,70.5,92.0,70.0,146.0,13.8,7.5,8.5
1018,1351.0,32.5,26.0,3.466,11.672,3.531,1928.0,82.0,101.5,76.0,169.0,18.0,8.0,8.75
1019,1234.0,29.5,24.0,3.318,12.231,3.388,1906.0,72.0,94.0,72.5,152.0,6.8,8.0,8.25
1020,1505.0,33.0,26.5,3.599,12.4059999999999,3.575,1859.0,78.5,94.5,72.0,163.0,17.5,8.0,8.75
1021,576.0,35.5,26.0,3.423,12.289,3.46,1936.0,75.5,97.0,74.5,157.5,4.0,7.5,8.0
1022,1229.0,34.0,25.5,3.513,12.948,3.464,1865.0,83.0,101.0,76.0,232.5,16.3,9.0,10.0
1023,534.0,25.0,21.5,3.579,11.638,3.543,1795.0,87.0,107.5,80.5,295.2,33.8,8.0,9.25
1024,1433.0,33.5,26.0,3.457,12.25,3.547,1901.0,79.5,101.0,77.25,189.6,7.0,8.25,9.25
1025,266.0,26.5,22.0,3.59,11.984,3.386,1815.0,78.0,100.5,76.0,202.8,20.0,7.5,7.75
1026,1044.0,40.0,31.5,3.425,12.366,3.458,1995.0,76.5,96.0,72.5,169.5,7.0,8.0,9.0
1027,417.0,35.5,29.5,3.872,12.693,3.48,1841.0,81.5,103.0,80.25,196.4,8.4,8.0,8.25
1028,1227.0,33.5,26.5,3.424,11.492,3.286,1998.0,77.0,100.5,77.0,193.0,18.8,8.25,9.25
1029,1418.0,31.5,27.5,3.511,11.751,3.36,2112.0,82.0,102.5,77.0,213.0,25.9,8.0,9.25
1030,1018.0,40.0,27.0,3.467046660117878,12.247189108910884,3.5052431640624997,2220.0,78.08979743083005,98.71417984189723,75.09419466403162,180.7358201581028,14.97949604743083,8.049381188118812,8.876189296333004
1031,421.0,29.5,32.0,3.53,13.639,3.578,1799.0,86.5,109.0,81.5,303.4,30.6,9.0,9.75
1032,1401.0,22.5,25.5,3.386,13.077,3.781,1725.0,81.5,107.5,80.5,233.0,14.0,8.0,8.5
1033,955.0,31.5,27.0,3.307,11.472,3.546,1966.0,70.0,87.0,67.0,158.2,17.2,7.5,8.25
1034,963.0,30.0,23.5,3.553,13.215,3.104,1846.0,82.0,105.0,77.5,238.0,29.8,8.75,9.75
1035,757.0,35.0,29.5,3.426,10.988,3.401,2051.0,78.0,98.5,76.5,177.0,14.8,7.25,8.25
1036,1252.0,31.829614604462474,25.860157016683022,3.286,11.318,3.634,1885.0,78.08979743083005,98.71417984189723,75.09419466403162,180.7358201581028,14.97949604743083,8.049381188118812,8.876189296333004
1037,1347.0,29.5,25.5,3.433,12.542,3.53,1857.0,80.75,103.0,77.5,199.0,30.2,9.5,10.0
1038,1204.0,31.829614604462474,31.0,3.268,11.797,3.476,1976.0,79.0,97.5,73.5,169.2,15.8,7.75,8.5
1039,1485.0,34.0,27.0,3.498,11.94,3.372,1954.0,80.0,101.5,77.5,186.2,7.2,8.75,9.75
1040,273.0,30.5,25.5,3.425,13.262,3.56,1816.0,82.75,108.0,82.25,237.2,13.9,8.5,9.5
1041,521.0,31.829614604462474,18.5,3.693,13.35,3.55,1596.0,78.08979743083005,98.71417984189723,75.09419466403162,180.7358201581028,14.97949604743083,8.049381188118812,8.876189296333004
1042,635.0,27.5,24.0,3.531,12.798,3.562,1784.0,77.25,100.0,77.5,197.0,22.5,8.0,8.0
1043,962.0,27.5,25.5,3.19,12.74,3.35,1901.0,72.0,90.0,67.0,142.2,17.8,7.5,8.25
1044,719.0,28.5,23.0,3.754,12.507,3.448,1780.0,76.0,97.0,73.75,157.9,6.9,7.5,8.5
1045,1055.0,37.0,29.5,3.612,12.122,3.197,1985.0,73.5,95.0,72.25,152.1,6.3,8.0,8.5
1046,724.0,35.5,25.5,3.413,13.878,3.501,1820.0,79.0,99.5,74.0,166.0,14.7,8.0,9.0
1047,231.0,35.5,28.5,3.428,11.764,3.387,1998.0,73.0,91.5,68.5,153.8,11.0,7.5,8.25
1048,722.0,30.0,25.5,3.418,11.727,3.417,1927.0,68.5,89.0,67.5,133.0,8.9,7.25,8.0
1049,1253.0,30.5,26.5,3.332,12.938,3.654,1839.0,74.0,94.5,70.0,175.0,17.5,7.75,8.5
1050,715.0,30.0,25.0,3.282,12.235,3.784,1844.0,74.5,94.0,71.0,181.0,24.5,7.0,7.75
1051,1336.0,30.0,27.0,3.569,11.702,3.451,1909.0,83.0,104.0,83.5,213.0,19.1,8.5,9.75
1052,1275.0,30.5,30.5,3.327,12.053,3.333,1981.0,72.5,94.5,72.5,159.0,15.5,8.0,8.5
1053,726.0,30.5,22.0,3.512,12.484,3.434,1828.0,80.0,103.0,76.0,202.8,11.5,8.25,10.0
1054,574.0,36.0,31.0,3.424,12.654,3.635,1917.0,72.0,88.0,68.25,147.4,7.9,8.0,8.5
1055,651.0,31.5,26.5,3.256,11.136,3.343,2029.0,74.0,91.5,68.0,172.1,23.4,7.0,8.5
1056,858.0255681818181,31.829614604462474,25.860157016683022,3.467046660117878,12.247189108910884,3.5052431640624997,1890.9763257575758,78.08979743083005,98.71417984189723,75.09419466403162,180.7358201581028,14.97949604743083,8.049381188118812,8.876189296333004
1057,858.0255681818181,31.829614604462474,25.860157016683022,3.467046660117878,12.247189108910884,3.5052431640624997,1890.9763257575758,78.08979743083005,98.71417984189723,75.09419466403162,180.7358201581028,14.97949604743083,8.049381188118812,8.876189296333004
1058,858.0255681818181,31.829614604462474,25.860157016683022,3.467046660117878,12.247189108910884,3.5052431640624997,1890.9763257575758,78.08979743083005,98.71417984189723,75.09419466403162,180.7358201581028,14.97949604743083,8.049381188118812,8.876189296333004
